USGS Material ,MaterialClass,490,560,665,783,842,865,1610,2190
S07SNTL2_Aluminum_brushed_293K_ASDFRa_AREF.txt,impervious,0.35682,0.36363,0.36838,0.36347,0.36672,0.37035,0.47439,0.15276
S07SNTL2_Asphalt_GDS376_Blck_Road_old_ASDFRa_AREF.txt,impervious,0.07523,0.08795,0.10448,0.11987,0.12432,0.12663,0.19555,0.07806
S07SNTL2_Asphalt_Shingle_GDS366_Tan_ASDFRa_AREF.txt,impervious,0.07244,0.10635,0.14555,0.14099,0.13898,0.13796,0.12557,0.05983
S07SNTL2_Asphalt_Shingle_GDS367_DkGry_ASDFRa_AREF.txt,impervious,0.09654,0.10067,0.10113,0.10317,0.10167,0.10073,0.08566,0.08457
S07SNTL2_Asphalt_Shingle_GDS368_Lgray_ASDFRa_AREF.txt,impervious,0.19636,0.20433,0.20191,0.20391,0.20025,0.19796,0.1595,0.07247
S07SNTL2_Asphalt_Tar_GDS346_Blck_Roof_ASDFRa_AREF.txt,impervious,0.02546,0.0252,0.02481,0.02427,0.02415,0.02412,0.02676,0.05031
S07SNTL2_Bone_black_GDS808_ASDFRa_AREF.txt,impervious,0.00616,0.00661,0.00725,0.00809,0.00843,0.00861,0.0126,0.01734
S07SNTL2_Brick_GDS347_Paving_Tan_ASDFRa_AREF.txt,impervious,0.07127,0.11288,0.167,0.17396,0.16931,0.16661,0.1822,0.06104
S07SNTL2_Brick_GDS348_Pave_DkBrwngrey_ASDFRa_AREF.txt,impervious,0.09799,0.11198,0.13418,0.14209,0.13983,0.1382,0.09822,0.05325
S07SNTL2_Brick_GDS349_Paving_Red_ASDFRa_AREF.txt,impervious,0.05885,0.08377,0.1741,0.18371,0.17673,0.17318,0.19726,0.06811
S07SNTL2_Brick_GDS350_Dk_Red_Building_ASDFRa_AREF.txt,impervious,0.05841,0.08079,0.17017,0.22097,0.21602,0.21248,0.25189,0.17356
S07SNTL2_Brick_GDS353_Building_MedRed_ASDFRa_AREF.txt,impervious,0.08206,0.11814,0.23944,0.24824,0.23886,0.23395,0.27213,0.20787
S07SNTL2_Brick_GDS354_Building_Lt_Gry_ASDFRa_AREF.txt,impervious,0.21319,0.23025,0.23552,0.23007,0.22647,0.22436,0.24814,0.07497
S07SNTL2_Brick_GDS355_Paving_Dk_Gry_ASDFRa_AREF.txt,impervious,0.07055,0.07439,0.07922,0.08432,0.08371,0.08312,0.06238,0.08109
S07SNTL2_Burnt_umber_GDS811_ASDFRa_AREF.txt,impervious,0.00987,0.01542,0.02845,0.04109,0.04638,0.04923,0.13131,0.04587
S07SNTL2_Cedar_Shake_GDS359_MedWeathr_ASDFRa_AREF.txt,impervious,0.07179,0.09343,0.14938,0.24794,0.29519,0.32178,0.41835,0.35007
S07SNTL2_Cedar_Shake_GDS360_H_Weamoss_ASDFRa_AREF.txt,impervious,0.07642,0.09247,0.10497,0.1455,0.16442,0.17552,0.34534,0.2403
S07SNTL2_Cedar_Shake_GDS361_HiWeather_ASDFRa_AREF.txt,impervious,0.11136,0.12975,0.15807,0.19567,0.2142,0.22476,0.40642,0.15928
S07SNTL2_Cinder_Block_GDS356_Lg_Grey_ASDFRa_AREF.txt,impervious,0.33117,0.35444,0.36691,0.36366,0.3588,0.3559,0.34623,0.37911
S07SNTL2_Coated_Steel_Girder_WTC01-8_ASDFRa_AREF.txt,impervious,0.31107,0.35018,0.37087,0.3677,0.36393,0.3614,0.36086,0.32646
S07SNTL2_Cobalt_green_GDS816_ASDFRa_AREF.txt,impervious,0.07135,0.07487,0.02873,0.16115,0.19963,0.22259,0.06926,0.15286
S07SNTL2_Cobalt_violet_GDS803_ASDFRa_AREF.txt,impervious,0.05382,0.02242,0.20255,0.23072,0.16302,0.13044,0.12269,0.05377
S07SNTL2_Concrete_GDS375_Lt_Gry_Road_ASDFRa_AREF.txt,impervious,0.24998,0.29193,0.31501,0.31771,0.31451,0.31248,0.33799,0.44229
S07SNTL2_Fiberglass_GDS335_Wh_Roofing_ASDFRa_AREF.txt,impervious,0.83698,0.83929,0.81873,0.79827,0.78504,0.77432,0.56801,0.62689
S07SNTL2_Fiberglass_GDS336_Grn_Roofng_ASDFRa_AREF.txt,impervious,0.36029,0.23303,0.06198,0.13729,0.27225,0.36976,0.32793,0.21594
S07SNTL2_Fiberglass_GDS337_Grn_Roofng_ASDFRa_AREF.txt,impervious,0.19421,0.08495,0.01098,0.02196,0.12235,0.20886,0.31174,0.18866
S07SNTL2_Fiberglass_GDS374_Pnk_Insul_ASDFRa_AREF.txt,impervious,0.22234,0.23774,0.45127,0.47146,0.47366,0.47474,0.48871,0.442
S07SNTL2_Fiberglass_GDS399_Clear_Roof_ASDFRa_AREF.txt,impervious,0.42184,0.42442,0.42339,0.42667,0.42577,0.42445,0.37967,0.24687
S07SNTL2_Gadolinium_Nitrate_Hydrate_ASDFRa_AREF.txt,impervious,0.3712,0.36818,0.36431,0.35646,0.3536,0.34914,0.02748,0.19954
S07SNTL2_GalvanizedSheetMetal_GDS334_ASDFRa_AREF.txt,impervious,0.09164,0.08776,0.07769,0.06828,0.06379,0.06136,0.11587,0.04454
S07SNTL2_Green_Slime_SM93-14A_Summitv_BECKa_AREF.txt,impervious,0.16152,0.21292,0.12594,0.12191,0.13714,0.14767,0.50938,0.06652
S07SNTL2_Iron_oxide_#4820_GDS782_ASDFRa_AREF.txt,impervious,0.01504,0.02423,0.15365,0.21868,0.19719,0.18762,0.51367,0.08809
S07SNTL2_Iron_oxide_GDS810_(Mars)_blk_ASDFRa_AREF.txt,impervious,0.01452,0.01502,0.01637,0.01659,0.01602,0.01568,0.01608,0.04728
S07SNTL2_Iron_Oxide_SA-480665_gamma_ASDHRa_AREF.txt,impervious,0.02309,0.05527,0.18963,0.33392,0.31729,0.30515,0.27801,0.14557
S07SNTL2_Iron_Powder_SA-267953_lt10_um_ASDHRa_AREF.txt,impervious,0.11303,0.11331,0.11594,0.12252,0.12598,0.12788,0.17466,0.11953
S07SNTL2_Iron_Sulfide_Cerac-I-1047_ASDHRa_AREF.txt,impervious,0.03065,0.03483,0.03593,0.03358,0.03188,0.03089,0.02907,0.04092
S07SNTL2_IronPowder_SA-209309_325mesh_ASDFRa_AREF.txt,impervious,0.12536,0.12744,0.13195,0.1392,0.14324,0.14572,0.20086,0.06181
S07SNTL2_Italian_burnt_sienna_GDS812_ASDFRa_AREF.txt,impervious,0.01567,0.03107,0.11893,0.16839,0.1626,0.15953,0.34548,0.06631
S07SNTL2_Italian_nat_sienna_GDS805_ASDFRa_AREF.txt,impervious,0.06257,0.1398,0.23282,0.2956,0.27038,0.25551,0.53124,0.10214
S07SNTL2_Kerogen_BK-Cornell_BECKa_AREF.txt,impervious,0.01371,0.01581,0.02218,0.03239,0.03509,0.03669,0.03936,0.05925
S07SNTL2_Lazurite_GDS792_RussianPrem_ASDFRa_AREF.txt,impervious,0.21421,0.0923,0.10853,0.34725,0.37628,0.39118,0.56781,0.30542
S07SNTL2_Malachite_GDS801_synthetic_ASDFRa_AREF.txt,impervious,0.38154,0.34534,0.15261,0.10911,0.11077,0.11269,0.33389,0.08114
S07SNTL2_Manganese_violet_GDS804_ASDFRa_AREF.txt,impervious,0.05038,0.02549,0.19673,0.18274,0.16362,0.15468,0.39135,0.06535
S07SNTL2_Melting_snow_mSnw01a_ASDFRa_AREF.txt,impervious,0.83231407,0.83241266,0.81931567,0.78071541,0.75882363,0.74676955,0.018010845,0.013909211
S07SNTL2_Melting_snow_mSnw01a+0.5_veg_ASDFRa_AREF.txt,impervious,0.44492099,0.4656812,0.43663645,0.66091812,0.65549874,0.65156806,0.09711735,0.043557215
S07SNTL2_Melting_snow_mSnw03_ASDFRa_AREF.txt,impervious,0.72194707,0.72293973,0.71370548,0.6697408,0.6486938,0.63610482,0.011601371,0.00846958
S07SNTL2_Melting_snow_mSnw03+0.5_veg_ASDFRa_AREF.txt,impervious,0.38973752,0.41094482,0.38383126,0.6054306,0.60043377,0.59623581,0.093912601,0.040837392
S07SNTL2_Melting_snow_mSnw04_ASDFRa_AREF.txt,impervious,0.66614217,0.66798067,0.65939909,0.6133458,0.59278059,0.58067882,0.011531774,0.008329784
S07SNTL2_Melting_snow_mSnw05_ASDFRa_AREF.txt,impervious,0.62573284,0.62801427,0.6198768,0.57576507,0.55588502,0.54407024,0.010876198,0.00740442
S07SNTL2_Melting_snow_mSnw08_ASDFRa_AREF.txt,impervious,0.60570425,0.61436027,0.60526264,0.54018897,0.51202583,0.49471375,0.008458383,0.006160095
S07SNTL2_Melting_snow_mSnw08+0.5_veg_ASDFRa_AREF.txt,impervious,0.33161625,0.356655,0.32960987,0.54065478,0.53209978,0.52554011,0.092341132,0.039682657
S07SNTL2_Melting_snow_mSnw09_(slush)_ASDFRa_AREF.txt,impervious,0.58008111,0.59246629,0.58066541,0.48751092,0.45240092,0.42754081,0.007432737,0.005649864
S07SNTL2_Melting_snow_mSnw09+0.5_veg_ASDFRa_AREF.txt,impervious,0.31880468,0.34570801,0.31731129,0.51431572,0.50228727,0.49195358,0.091828309,0.039427541
S07SNTL2_Melting_snow_mSnw12_(slush)_ASDFRa_AREF.txt,impervious,0.56607461,0.57819664,0.55941731,0.4439162,0.40391359,0.37436908,0.007186044,0.006409837
S07SNTL2_Melting_snow_mSnw14_(slush)_ASDFRa_AREF.txt,impervious,0.50399005,0.51411545,0.49321711,0.37667406,0.34148157,0.31440067,0.006362747,0.005215431
S07SNTL2_Melting_snow_mSnw15_(slush)_ASDFRa_AREF.txt,impervious,0.25165698,0.25617516,0.24576493,0.19565947,0.18002318,0.16741227,0.004985716,0.004076851
S07SNTL2_Melting_snow_mSnw16_(slush)_ASDFRa_AREF.txt,impervious,0.20617378,0.21423772,0.2028669,0.14560936,0.13208969,0.11959592,0.009068166,0.008147611
S07SNTL2_Melting_snow_mSnw16+0.25_veg_ASDFRa_AREF.txt,impervious,0.1690124,0.18541573,0.16563945,0.24448715,0.23711066,0.22878857,0.050857101,0.024412017
S07SNTL2_Melting_snow_mSnw16+0.5_veg_ASDFRa_AREF.txt,impervious,0.13185093,0.15659375,0.12841204,0.34336501,0.34213156,0.33798128,0.092645973,0.040676426
S07SNTL2_Natural_umber_GDS809_(raw)_ASDFRa_AREF.txt,impervious,0.01584,0.02548,0.04403,0.06235,0.06613,0.06773,0.08845,0.05128
S07SNTL2_Nickel_Powder_SA-268283_lt1um_ASDFRa_AREF.txt,impervious,0.05402,0.05857,0.06373,0.06577,0.06608,0.06627,0.07428,0.04591
S07SNTL2_Nickel_Powder_SA-577995_nano_ASDFRa_AREF.txt,impervious,0.01453,0.01508,0.01567,0.0157,0.01559,0.01553,0.01648,0.01718
S07SNTL2_Nylon_Fabric_GDS436_BlkCoatd_ASDFRa_AREF.txt,impervious,0.13638,0.13179,0.14044,0.35831,0.35142,0.36042,0.60031,0.22944
S07SNTL2_Oil_BlackPoolonBeach_DWO-06b_ASDFRa_AREF.txt,impervious,0.02267,0.02375,0.0285,0.03856,0.04461,0.04816,0.12228,0.08508
S07SNTL2_Oil_Water_Benzene10_DWH10-3_ASDHRa_AREF.txt,impervious,0.01167,0.03101,0.10162,0.21753,0.26783,0.29578,0.25006,0.15574
S07SNTL2_Oil_Water_Benzene17_DWH10-3_ASDHRa_AREF.txt,impervious,0.01036,0.0288,0.09749,0.21226,0.26259,0.29052,0.2534,0.15602
S07SNTL2_Oil_waterEmuls._DWO-3-BAT-09_ASDFRa_AREF.txt,impervious,0.0491,0.05293,0.06591,0.08903,0.09896,0.10232,0.08258,0.0529
S07SNTL2_Oil01_Water99_DWH10-3_28mm_ASDHRb_AREF.txt,impervious,0.04875,0.09377,0.18862,0.26647,0.28139,0.28744,0.11476,0.1239
S07SNTL2_Oil01_Water99_DWH10-3_foam_ASDHRb_AREF.txt,impervious,0.12024,0.14902,0.21393,0.29397,0.32335,0.33913,0.18591,0.29334
S07SNTL2_Oil23_Water77_DWH10-3_.025mm_ASDHRa_AREF.txt,impervious,0.13129,0.19978,0.27654,0.28785,0.27855,0.27271,0.10379,0.11469
S07SNTL2_Oil23_Water77_DWH10-3_0.05mm_ASDHRa_AREF.txt,impervious,0.13257,0.20439,0.30351,0.33722,0.33264,0.32922,0.13353,0.26804
S07SNTL2_Oil23_Water77_DWH10-3_0.1_mm_ASDHRa_AREF.txt,impervious,0.1381,0.21172,0.32413,0.37726,0.37799,0.37727,0.16224,0.16537
S07SNTL2_Oil23_Water77_DWH10-3_0.5_mm_ASDHRa_AREF.txt,impervious,0.12052,0.18753,0.30496,0.41229,0.443,0.45912,0.21748,0.23286
S07SNTL2_Oil40_Water60_DWH10-3_0.05mm_ASDHRa_AREF.txt,impervious,0.11173,0.18607,0.26821,0.29172,0.28978,0.28817,0.17738,0.21029
S07SNTL2_Oil40_Water60_DWH10-3_0.1_mm_ASDHRa_AREF.txt,impervious,0.09821,0.17095,0.29719,0.37641,0.38849,0.39417,0.26464,0.60049
S07SNTL2_Oil60_Water40_DWH10-3_.025mm_ASDHRa_AREF.txt,impervious,0.02603,0.05321,0.08823,0.10153,0.10241,0.10271,0.08686,0.04792
S07SNTL2_Oil60_Water40_DWH10-3_0.05mm_ASDHRa_AREF.txt,impervious,0.02027,0.05102,0.11231,0.14747,0.15279,0.15531,0.13602,0.25624
S07SNTL2_Oil60_Water40_DWH10-3_0.1_mm_ASDHRa_AREF.txt,impervious,0.01474,0.03834,0.11254,0.1802,0.19478,0.20214,0.18865,0.14917
S07SNTL2_Oil60_Water40_DWH10-3_0.5_mm_ASDHRa_AREF.txt,impervious,0.01473,0.03494,0.10052,0.19519,0.23236,0.25282,0.27002,0.1473
S07SNTL2_Oil60_Water40_DWH10-3_1.85mm_ASDHRa_AREF.txt,impervious,0.01483,0.03315,0.09487,0.19288,0.23533,0.25904,0.28421,0.2361
S07SNTL2_Oil60_Water40_DWH10-3_4_mm_ASDHRa_AREF.txt,impervious,0.0135,0.03495,0.11019,0.22987,0.28161,0.31046,0.29901,0.28761
S07SNTL2_Oil60_Water40_DWH10-3_8_mm_ASDHRa_AREF.txt,impervious,0.01984,0.04506,0.12629,0.24819,0.29927,0.32765,0.31145,0.18787
S07SNTL2_Oil75_Water25_DWH10-3_8_mm_ASDHRa_AREF.txt,impervious,0.04349,0.07555,0.1428,0.22178,0.25286,0.27011,0.22843,0.24637
S07SNTL2_Oil92_Water08_DWH10-3_0.05mm_ASDHRa_AREF.txt,impervious,0.00203,0.00493,0.01245,0.01678,0.01737,0.01767,0.01606,0.03418
S07SNTL2_Oil92_Water08_DWH10-3_0.1_mm_ASDHRa_AREF.txt,impervious,0.00125,0.0021,0.00979,0.02268,0.02625,0.02811,0.03242,0.03142
S07SNTL2_Oil92_Water08_DWH10-3_0.5_mm_ASDHRa_AREF.txt,impervious,0.00144,0.002,0.00339,0.01091,0.01938,0.02453,0.08385,0.03445
S07SNTL2_Oil92_Water08_DWH10-3_1.85mm_ASDHRa_AREF.txt,impervious,0.0011,0.00162,0.00255,0.00394,0.00561,0.00665,0.10188,0.01526
S07SNTL2_Oil92_Water08_DWH10-3_4_mm_ASDHRa_AREF.txt,impervious,0.00303,0.00392,0.0054,0.00732,0.00864,0.00944,0.07768,0.02412
S07SNTL2_Oiled_marsh_dry_DWO-3-BAT-09_ASDFRa_AREF.txt,impervious,0.02846,0.03664,0.06047,0.1332,0.163,0.18102,0.26272,0.14527
S07SNTL2_Oiled_marsh_DWO-3-BAT-06_ASDFRa_AREF.txt,impervious,0.03003,0.03531,0.05378,0.09923,0.12311,0.1373,0.23156,0.11681
S07SNTL2_Oiled_marsh_DWO-3-BAT-09_ASDFRa_AREF.txt,impervious,0.02058,0.02355,0.03845,0.07605,0.09574,0.10668,0.15083,0.05477
S07SNTL2_Oiled_P.austral._DWO-3-DEL-1_ASDFRa_AREF.txt,impervious,0.10044,0.12824,0.1907,0.28513,0.32341,0.34534,0.39572,0.17805
S07SNTL2_Oiled_S.altern._DWO-3-BAT-06_ASDFRa_AREF.txt,impervious,0.0888,0.09163,0.09752,0.11184,0.11799,0.12175,0.15489,0.09816
S07SNTL2_Oiled_sand_area_GrndIsle_ASDFRa_AREF.txt,impervious,0.04075,0.04549,0.05725,0.07581,0.0835,0.08795,0.15544,0.05248
S07SNTL2_Oiled_sand_brown_GrndIsle_ASDFRa_AREF.txt,impervious,0.03601,0.04455,0.06532,0.09315,0.1028,0.10801,0.20409,0.0537
S07SNTL2_Oiled_sand_dark_GrndIsle_ASDFRa_AREF.txt,impervious,0.05053,0.06095,0.0807,0.10489,0.11314,0.11749,0.19688,0.05063
S07SNTL2_OiledMarshPlant_DWO-2-BAT-08_ASDFRa_AREF.txt,impervious,0.02923,0.04206,0.065,0.13089,0.1491,0.15871,0.13387,0.11354
S07SNTL2_OiledMarshPlant_DWO-2-BAT-09_ASDFRa_AREF.txt,impervious,0.04392,0.06526,0.08846,0.21267,0.24037,0.25485,0.16217,0.23012
S07SNTL2_OiledMarshPlant_DWO-2-DEL-04_ASDFRa_AREF.txt,impervious,0.06189,0.09393,0.15622,0.25229,0.28199,0.29799,0.19983,0.27232
S07SNTL2_Oxide_of_chromium_GDS795_ASDFRa_AREF.txt,impervious,0.05016,0.08931,0.08222,0.32183,0.34681,0.35071,0.35169,0.24349
S07SNTL2_Painted_Aluminum_GDS333_LgGr_ASDFRa_AREF.txt,impervious,0.48308,0.52516,0.51115,0.47788,0.46272,0.45423,0.30589,0.18343
S07SNTL2_Particle_Board_GDS364_Fn_Gr_ASDFRa_AREF.txt,impervious,0.2449,0.31718,0.43398,0.54116,0.58249,0.60569,0.53136,0.43492
S07SNTL2_Phthalocyaninie_blue_GDS799_ASDFRa_AREF.txt,impervious,0.0426,0.00318,0.00656,0.03576,0.12715,0.18801,0.52929,0.22111
S07SNTL2_Plastic_ABS_GDS341_BlackPipe_ASDFRa_AREF.txt,impervious,0.02456,0.02368,0.02241,0.02135,0.02093,0.0207,0.01691,0.04069
S07SNTL2_Plastic_HDPE_GDS351_BlkSheet_ASDFRa_AREF.txt,impervious,0.13008,0.12398,0.11599,0.11208,0.11015,0.10908,0.09253,0.08861
S07SNTL2_Plastic_HDPE_GDS373_Grey_Bag_ASDFRa_AREF.txt,impervious,0.4178,0.41814,0.41157,0.41023,0.40806,0.40686,0.40292,0.48807
S07SNTL2_Plastic_HDPE_GDS386_Yelopaqu_ASDFRa_AREF.txt,impervious,0.45631,0.71584,0.71786,0.69407,0.6803,0.67387,0.42402,0.19982
S07SNTL2_Plastic_HDPE_GDS387_WhTransl_ASDFRa_AREF.txt,impervious,0.55097,0.53254,0.48642,0.48505,0.47412,0.46769,0.32942,0.29216
S07SNTL2_Plastic_HDPE_GDS389_WhTransl_ASDFRa_AREF.txt,impervious,0.35427,0.32614,0.28684,0.25575,0.244,0.23811,0.14504,0.17291
S07SNTL2_Plastic_HDPE_GDS390_Transpar_ASDFRa_AREF.txt,impervious,0.42881,0.42863,0.42771,0.42988,0.43054,0.4309,0.44281,0.25348
S07SNTL2_Plastic_HDPE_GDS391_Blu-Grn_ASDFRa_AREF.txt,impervious,0.27364,0.18937,0.09,0.22251,0.29149,0.32924,0.37669,0.23371
S07SNTL2_Plastic_HDPE_GDS392_WhTransl_ASDFRa_AREF.txt,impervious,0.54614,0.53141,0.50826,0.49273,0.48768,0.48496,0.45341,0.31094
S07SNTL2_Plastic_HDPE_GDS393_GlosWhTr_ASDFRa_AREF.txt,impervious,0.55691,0.54351,0.52072,0.5004,0.49208,0.48747,0.41858,0.51483
S07SNTL2_Plastic_HDPE_GDS394_LgryTrns_ASDFRa_AREF.txt,impervious,0.40232,0.40138,0.39358,0.39074,0.39032,0.39013,0.40062,0.24203
S07SNTL2_Plastic_HDPE_GDS400_WhTrnslu_ASDFRa_AREF.txt,impervious,0.5789,0.56529,0.53809,0.51783,0.5091,0.50514,0.42884,0.50296
S07SNTL2_Plastic_LDPE_GDS401_Clr_film_ASDFRa_AREF.txt,impervious,0.41419,0.41468,0.41253,0.4145,0.41519,0.41588,0.41407,0.42527
S07SNTL2_Plastic_LDPE_GDS402_Clr_film_ASDFRa_AREF.txt,impervious,0.4578,0.45728,0.45417,0.4551,0.4554,0.45563,0.45499,0.38861
S07SNTL2_Plastic_LDPE_GDS404_WhTrnslu_ASDFRa_AREF.txt,impervious,0.72499,0.71404,0.69155,0.67756,0.6715,0.66817,0.57439,0.4131
S07SNTL2_Plastic_LDPE_GDS405_Black_ASDFRa_AREF.txt,impervious,0.01558,0.01457,0.01384,0.01295,0.01247,0.01221,0.01024,0.01511
S07SNTL2_Plastic_PETE_GDS379_TrnslBrn_ASDFRa_AREF.txt,impervious,0.00545,0.01384,0.05696,0.39383,0.39771,0.39857,0.35203,0.16966
S07SNTL2_Plastic_PETE_GDS381_Clr-prpl_ASDFRa_AREF.txt,impervious,0.48868,0.41777,0.54572,0.5879,0.6016,0.60838,0.4274,0.62656
S07SNTL2_Plastic_PETE_GDS382_Black_ASDFRa_AREF.txt,impervious,0.06827,0.06653,0.06513,0.06455,0.06415,0.06388,0.05182,0.095
S07SNTL2_Plastic_PETE_GDS383_Clrbluis_ASDFRa_AREF.txt,impervious,0.34713,0.27305,0.27082,0.44569,0.44925,0.45025,0.39447,0.18422
S07SNTL2_Plastic_Pipe_GDS342_Black_ASDFRa_AREF.txt,impervious,0.03637,0.03613,0.0359,0.03609,0.03615,0.03618,0.03498,0.01417
S07SNTL2_Plastic_Pipe_GDS344_Blue_ASDFRa_AREF.txt,impervious,0.53879,0.37689,0.21682,0.59742,0.64399,0.66513,0.53348,0.61669
S07SNTL2_Plastic_PVC_GDS338_White_ASDFRa_AREF.txt,impervious,0.64689,0.66271,0.69646,0.70819,0.70344,0.70321,0.53563,0.65376
S07SNTL2_Plastic_Tarp_GDS339_Green_ASDFRa_AREF.txt,impervious,0.26975,0.2069,0.11392,0.55341,0.59902,0.61031,0.59649,0.30672
S07SNTL2_Plastic_Tarp_GDS340_Blu_Wovn_ASDFRa_AREF.txt,impervious,0.26385,0.07857,0.08121,0.28938,0.48486,0.57221,0.59306,0.57489
S07SNTL2_Plastic_Tyvek_GDS369_White_ASDFRa_AREF.txt,impervious,0.70635,0.69933,0.6871,0.67782,0.67361,0.67121,0.60325,0.55456
S07SNTL2_Plastic_Vinyl_GDS395_Clr1mm_ASDFRa_AREF.txt,impervious,0.41495,0.36234,0.43285,0.47515,0.47353,0.47365,0.44127,0.4527
S07SNTL2_Plastic_Vinyl_GDS396_Clr1mm_ASDFRa_AREF.txt,impervious,0.4051,0.36331,0.41809,0.44897,0.44804,0.44821,0.43573,0.21404
S07SNTL2_Plastic_Vinyl_GDS397_Cl0.4mm_ASDFRa_AREF.txt,impervious,0.42495,0.40024,0.41961,0.45403,0.45563,0.45664,0.46706,0.30488
S07SNTL2_Plastic_Visqueen_GDS370_Clr_ASDFRa_AREF.txt,impervious,0.45029,0.45269,0.45311,0.45548,0.45583,0.45611,0.45085,0.16525
S07SNTL2_Praseodymium_Oxide_GDS35_ASDFRc_AREF.txt,impervious,0.018,0.01936,0.03069,0.03624,0.04053,0.04315,0.36831,0.03292
S07SNTL2_Praseodymium_Oxide_GDS35_BECKc_AREF.txt,impervious,0.01668,0.01815,0.03002,0.03563,0.04036,0.0435,0.35029,0.04362
S07SNTL2_Praseodymium_Oxide_PR62_SPEX_ASDFRc_AREF.txt,impervious,0.02049,0.02148,0.02926,0.03379,0.03731,0.0395,0.30898,0.04191
S07SNTL2_Prussian_blue_GDS802_ASDFRa_AREF.txt,impervious,0.00538,0.00127,0.00217,0.0029,0.00312,0.00324,0.14577,0.01856
S07SNTL2_Renyolds_Tnl_Sludge_SM93-15_BECKa_AREF.txt,impervious,0.01341,0.02476,0.04015,0.04617,0.04812,0.04884,0.24041,0.02201
S07SNTL2_Renyolds_TnlSldgWet_SM93-15w_BECKa_AREF.txt,impervious,0.02803,0.04712,0.0698,0.07453,0.07498,0.07574,0.0348,0.04834
S07SNTL2_Roofing_Felt_GDS377_Black_ASDFRa_AREF.txt,impervious,0.03842,0.03935,0.04212,0.04772,0.05094,0.05281,0.12127,0.04255
S07SNTL2_Rusted_Tin_Can_GDS378_MV99-6_ASDFRa_AREF.txt,impervious,0.06263,0.0868,0.14949,0.17547,0.1675,0.16179,0.20811,0.23891
S07SNTL2_Seawater_Coast_Chl_SW1_BECKa_AREF.txt,impervious,0.032757636,0.037994921,0.024563374,0.019894296,0.019815873,0.019767573,0.018639963,0.016311709
S07SNTL2_Seawater_Open_Ocean_SW2_lwch_BECKa_AREF.txt,impervious,0.03553367,0.02500695,0.020625865,0.019893013,0.019815851,0.019767573,0.018639963,0.016311709
S07SNTL2_Sheet_Metal_GDS352_crg_Galvn_ASDFRa_AREF.txt,impervious,0.29603,0.28926,0.26545,0.24012,0.22588,0.21793,0.40398,0.07129
S07SNTL2_Strand_Board_GDS362_Oriented_ASDFRa_AREF.txt,impervious,0.14121,0.17987,0.25311,0.33266,0.35595,0.36814,0.37381,0.26278
S07SNTL2_Tar_Paper_GDS285A_New_Blk_ASDFRa_AREF.txt,impervious,0.0371,0.03722,0.03833,0.04068,0.04197,0.04271,0.07966,0.06905
S07SNTL2_Tar_Paper_GDS285B_Weath_Blk_ASDFRa_AREF.txt,impervious,0.04359,0.04853,0.05764,0.07065,0.07745,0.08134,0.19233,0.09021
S07SNTL2_Terbium_Oxide_10917_G17T013_ASDFRa_AREF.txt,impervious,0.01704,0.02112,0.03679,0.05109,0.06203,0.06845,0.43213,0.03759
S07SNTL2_Terra_Pozzuoli_GDS806_ASDFRa_AREF.txt,impervious,0.02719,0.06219,0.25016,0.31033,0.29385,0.28592,0.42568,0.35032
S07SNTL2_Titanium_dioxide_GDS798_TiO2_ASDFRa_AREF.txt,impervious,0.56985,0.58107,0.59235,0.6018,0.60356,0.60436,0.55733,0.2852
S07SNTL2_Ultramarine_GDS791_sy_vdark_ASDFRa_AREF.txt,impervious,0.10121,0.01514,0.02295,0.20162,0.22605,0.23868,0.45929,0.22843
S07SNTL2_Venetian_red_GDS783_ASDFRa_AREF.txt,impervious,0.02221,0.03658,0.18657,0.26139,0.24635,0.23987,0.38505,0.40584
S07SNTL2_Verdigris_GDS789_ASDFRa_AREF.txt,impervious,0.13175,0.0244,0.01068,0.01129,0.01213,0.01262,0.42531,0.02747
S07SNTL2_Vermiculite_ALB006CH01_exOre_ASDFRb_AREF.txt,impervious,0.19963,0.25915,0.36811,0.45374,0.46193,0.46437,0.5782,0.44828
S07SNTL2_Vermiculite_ALB23SC00_expOre_ASDFRb_AREF.txt,impervious,0.17104,0.22142,0.29937,0.38829,0.40464,0.41124,0.56001,0.29418
S07SNTL2_Vermiculite_at1UI_expand_Ore_ASDFRb_AREF.txt,impervious,0.23599,0.28168,0.31452,0.34237,0.34799,0.34896,0.46248,0.31821
S07SNTL2_Vermiculite_GDS327_expandOre_ASDFRb_AREF.txt,impervious,0.23941,0.30829,0.37902,0.4391,0.4559,0.46136,0.64207,0.19173
S07SNTL2_Vermiculite_GDS332_expandOre_ASDFRb_AREF.txt,impervious,0.22343,0.28061,0.34289,0.39172,0.40224,0.40576,0.51703,0.20851
S07SNTL2_Vermiculite_GDS455_expandOre_ASDFRb_AREF.txt,impervious,0.17796,0.21929,0.2665,0.30739,0.31964,0.3247,0.50702,0.53877
S07SNTL2_Vermiculite_GDS460_expandOre_ASDFRb_AREF.txt,impervious,0.19616,0.26685,0.34747,0.41481,0.42759,0.43093,0.59789,0.416
S07SNTL2_Vermiculite_GDS626_expandOre_ASDFRb_AREF.txt,impervious,0.23461,0.30152,0.36612,0.41403,0.42772,0.43128,0.60557,0.23488
S07SNTL2_Vermiculite_GDS627_expandOre_ASDFRb_AREF.txt,impervious,0.18399,0.23089,0.29242,0.34535,0.35697,0.36195,0.52069,0.46298
S07SNTL2_Vermiculite_GDS628_expandOre_ASDFRb_AREF.txt,impervious,0.18644,0.23493,0.29596,0.3427,0.35609,0.36187,0.5807,0.16039
S07SNTL2_Vermiculite_GDS631_expandOre_ASDFRb_AREF.txt,impervious,0.17796,0.21929,0.2665,0.30739,0.31964,0.3247,0.50702,0.17779
S07SNTL2_Vermiculite_GDS649_expandOre_ASDFRb_AREF.txt,impervious,0.24045,0.2973,0.35505,0.40139,0.40905,0.41138,0.49284,0.19662
S07SNTL2_Vermiculite_GDS651_expandOre_ASDFRb_AREF.txt,impervious,0.13711,0.16797,0.20674,0.24116,0.24993,0.25379,0.37189,0.22624
S07SNTL2_Vermiculite_GDS652_expandOre_ASDFRb_AREF.txt,impervious,0.21531,0.27901,0.35126,0.41866,0.43095,0.43556,0.56688,0.16147
S07SNTL2_Vermiculite_GDS653_expandOre_ASDFRb_AREF.txt,impervious,0.21381,0.27407,0.33988,0.40067,0.41231,0.41667,0.54673,0.38813
S07SNTL2_Vermiculite_GDS701_expandOre_ASDFRb_AREF.txt,impervious,0.23737,0.30092,0.35831,0.40587,0.41346,0.41547,0.52099,0.62026
S07SNTL2_Vermiculite_GDS823_expandOre_ASDFRb_AREF.txt,impervious,0.20861,0.25893,0.31605,0.36935,0.38095,0.38579,0.49459,0.17938
S07SNTL2_Vermiculite_GDS836_expandOre_ASDFRb_AREF.txt,impervious,0.26338,0.32579,0.37405,0.40808,0.41656,0.41725,0.58651,0.08021
S07SNTL2_Vermiculite_GDS847_expandOre_ASDFRb_AREF.txt,impervious,0.17918,0.22846,0.2843,0.33393,0.34534,0.34947,0.5135,0.18045
S07SNTL2_Vermiculite_GDS850_expandOre_ASDFRb_AREF.txt,impervious,0.15112,0.19803,0.26577,0.32339,0.33352,0.33767,0.46718,0.24628
S07SNTL2_Vermiculite_GDS876_expandOre_ASDFRb_AREF.txt,impervious,0.21531,0.27901,0.35126,0.41866,0.43095,0.43556,0.56688,0.14677
S07SNTL2_Vermiculite_GDS886_expandOre_ASDFRb_AREF.txt,impervious,0.23809,0.30082,0.36602,0.41935,0.42746,0.42958,0.53181,0.29859
S07SNTL2_Vermiculite_GDS887_expandOre_ASDFRb_AREF.txt,impervious,0.13886,0.19315,0.26235,0.32908,0.34547,0.35212,0.52772,0.17966
S07SNTL2_Vermiculite_GDS907_expandOre_ASDFRb_AREF.txt,impervious,0.16753,0.22482,0.27913,0.32867,0.3429,0.34736,0.56995,0.34962
S07SNTL2_Vermiculite_GDS908_expandOre_ASDFRb_AREF.txt,impervious,0.1903,0.25433,0.33089,0.40013,0.41349,0.41878,0.56233,0.32669
S07SNTL2_Vermiculite_GDS909_expandOre_ASDFRb_AREF.txt,impervious,0.25943,0.32284,0.38634,0.43376,0.44172,0.44384,0.53209,0.39538
S07SNTL2_Vermiculite_GDS910_expandOre_ASDFRb_AREF.txt,impervious,0.23686,0.30852,0.37404,0.41801,0.43299,0.4367,0.61614,0.36637
S07SNTL2_Vermiculite_GDS911_expandOre_ASDFRb_AREF.txt,impervious,0.19354,0.25585,0.31768,0.37086,0.38481,0.38934,0.5914,0.27371
S07SNTL2_Vermiculite_GDS912_expandOre_ASDFRb_AREF.txt,impervious,0.15265,0.18421,0.22335,0.25883,0.27081,0.27678,0.47428,0.22142
S07SNTL2_Vermiculite_GDS913_expandOre_ASDFRb_AREF.txt,impervious,0.19964,0.24903,0.30326,0.35116,0.36562,0.37121,0.56913,0.30088
S07SNTL2_Vermiculite_GDS914_expandOre_ASDFRb_AREF.txt,impervious,0.17801,0.22135,0.27385,0.31582,0.32785,0.33308,0.51956,0.15867
S07SNTL2_Vermiculite_GDS915_expandOre_ASDFRb_AREF.txt,impervious,0.25392,0.31649,0.37752,0.42285,0.43167,0.43416,0.54574,0.43155
S07SNTL2_Vermiculite_GDS916_expandOre_ASDFRb_AREF.txt,impervious,0.26049,0.33238,0.40119,0.45953,0.47096,0.47441,0.60996,0.40888
S07SNTL2_Vermiculite_GDS917_expandOre_ASDFRb_AREF.txt,impervious,0.21379,0.27616,0.34263,0.40311,0.41707,0.42254,0.58802,0.27452
S07SNTL2_Vermiculite_GDS918_expandOre_ASDFRb_AREF.txt,impervious,0.29735,0.3653,0.42621,0.46064,0.47297,0.47601,0.6508,0.44466
S07SNTL2_Vermiculite_GDS919_expandOre_ASDFRb_AREF.txt,impervious,0.2398,0.29858,0.35607,0.39794,0.40522,0.40675,0.50952,0.20886
S07SNTL2_Vermiculite_GDS920_expandOre_ASDFRb_AREF.txt,impervious,0.24643,0.30815,0.36979,0.41481,0.42259,0.42463,0.52237,0.12606
S07SNTL2_Vermiculite_GDS921_expandOre_ASDFRb_AREF.txt,impervious,0.24017,0.29988,0.35825,0.4019,0.4101,0.41226,0.51698,0.37337
S07SNTL2_Vermiculite_GDS922_expandOre_ASDFRb_AREF.txt,impervious,0.22687,0.28978,0.35448,0.40335,0.4113,0.413,0.51517,0.26756
S07SNTL2_Vermiculite_GDS923_expandOre_ASDFRb_AREF.txt,impervious,0.1988,0.24554,0.29818,0.3381,0.34577,0.34833,0.44149,0.19594
S07SNTL2_Vermiculite_GDS925_expandOre_ASDFRb_AREF.txt,impervious,0.22249,0.28746,0.35933,0.41685,0.42747,0.43076,0.53764,0.26907
S07SNTL2_Vermiculite_Li2UI_expand_Ore_ASDFRb_AREF.txt,impervious,0.22214,0.27533,0.31838,0.35471,0.36265,0.36407,0.51597,0.17286
S07SNTL2_Vermiculite+0wt%amph._GDS327_ASDFRb_AREF.txt,impervious,0.1298,0.16831,0.20839,0.24031,0.25074,0.25424,0.36739,0.20114
S07SNTL2_Vermiculite+1wt%amph._GDS451_ASDFRb_AREF.txt,impervious,0.16056,0.20594,0.25244,0.28974,0.30159,0.30546,0.44213,0.23861
S07SNTL2_Vermiculite+5wt%amph._GDS454_ASDFRb_AREF.txt,impervious,0.16268,0.19832,0.23217,0.26023,0.26911,0.27182,0.38005,0.19443
S07SNTL2_Vermillion_GDS779_ASDFRa_AREF.txt,impervious,0.02004,0.03067,0.33379,0.35956,0.36459,0.36727,0.45058,0.33803
S07SNTL2_Water+Montmor_SWy-2+0.50g-l_ASDFRa_AREF.txt,impervious,0.0692681,0.064875327,0.054329157,0.037539743,0.032752614,0.028323216,0.005273023,0.005142054
S07SNTL2_Water+Montmor_SWy-2+1.67g-l_ASDFRa_AREF.txt,impervious,0.16481373,0.17159584,0.15282761,0.11048212,0.096408099,0.083323173,0.004724539,0.005044661
S07SNTL2_Water+Montmor_SWy-2+16.5g-l_ASDFRa_AREF.txt,impervious,0.21868625,0.27651739,0.29994291,0.30133948,0.28958118,0.27762318,0.004369586,0.002579867
S07SNTL2_Water+Montmor_SWy-2+5.01g-l_ASDFRa_AREF.txt,impervious,0.21337694,0.26180902,0.26827884,0.22984074,0.208551,0.18716639,0.001078664,0.001167687
S07SNTL2_Wood_Beam_GDS363_Nw_Pine_2X4_ASDFRa_AREF.txt,impervious,0.2692,0.34169,0.48001,0.58831,0.62275,0.64292,0.48819,0.45314
S07SNTL2_WTC_Dust_Debris_WTC01-2_ASDFRa_AREF.txt,impervious,0.15544,0.17922,0.2044,0.21659,0.21761,0.21793,0.24846,0.16739
S07SNTL2_WTC_Dust_Debris_WTC01-28_ASDFRa_AREF.txt,impervious,0.19023,0.21696,0.24529,0.26174,0.26514,0.26683,0.30299,0.22906
S07SNTL2_Yellow_ochre_GDS794_Germany_ASDFRa_AREF.txt,impervious,0.06319,0.17627,0.24964,0.31745,0.29822,0.28535,0.46121,0.11793
S07SNTL2_Ytterbium_Oxide_J.M._319_ASDFRa_AREF.txt,impervious,0.83874,0.88366,0.9069,0.9094,0.83712,0.78339,0.83644,0.56301
S07SNTL2_Acid_Mine_Dr_Assemb1-Fe3+_ASDFRb_AREF.txt,soil,0.12054,0.17365,0.32873,0.40615,0.39607,0.38841,0.60143,0.17236
S07SNTL2_Acid_Mine_Dr_Assemb2-Fe3+_ASDFRb_AREF.txt,soil,0.07409,0.24197,0.44421,0.50417,0.47794,0.46518,0.69647,0.20904
S07SNTL2_Actinolite_Dolomit_BR93-60B_BECKb_AREF.txt,soil,0.26021,0.29714,0.30816,0.30434,0.29326,0.28513,0.34703,0.21708
S07SNTL2_Actinolite-Hornfels_BR93-5a_BECKc_AREF.txt,soil,0.10316,0.11763,0.10576,0.1166,0.12114,0.12211,0.3251,0.06852
S07SNTL2_Alun.33+Kaol.33+Musc.33_AMX2_ASDNGa_AREF.txt,soil,0.6257,0.69455,0.7696,0.8027,0.80568,0.80685,0.76608,0.67107
S07SNTL2_Alun.33+Kaol.33+Musc.33_AMX2_BECKa_AREF.txt,soil,0.57773,0.64659,0.72735,0.76656,0.77146,0.77431,0.71324,0.62219
S07SNTL2_Alun_Na+Kaol+Hemat_MV00-11a_ASDFRc_AREF.txt,soil,0.17379,0.20672,0.36261,0.43143,0.40893,0.3978,0.679,0.11098
S07SNTL2_Alun0.3+Musc0.4+Pyro0.3_AMX1_BECKa_AREF.txt,soil,0.5962,0.60827,0.64948,0.6691,0.66455,0.6626,0.74879,0.46478
S07SNTL2_Alun366+.50PyroPYS1A_GDS222_BECKb_AREF.txt,soil,0.64297,0.71217,0.78509,0.84584,0.85841,0.86627,0.86133,0.79205
S07SNTL2_Alunite.5+MuscCU91-250A_AMX4_ASDNGa_AREF.txt,soil,0.53427,0.61805,0.7104,0.74709,0.7496,0.75022,0.68473,0.72293
S07SNTL2_Alunite.5+MuscCU91-250A_AMX4_BECKa_AREF.txt,soil,0.45898,0.53574,0.63237,0.67586,0.68044,0.68308,0.58875,0.65719
S07SNTL2_Alunite_K_CU98-5C_MedTemp_ASDFRb_AREF.txt,soil,0.50996,0.60651,0.69244,0.72982,0.73552,0.73781,0.61808,0.55607
S07SNTL2_Alunite_K-Na_CU91-217H1_LowT_ASDFRb_AREF.txt,soil,0.34375,0.39335,0.45145,0.4808,0.48581,0.48827,0.43669,0.53181
S07SNTL2_Alunite_NH4+Jaro_NMNH145596A_ASDFRb_AREF.txt,soil,0.44759,0.5255,0.5823,0.63982,0.61195,0.59685,0.63751,0.44984
S07SNTL2_Alunite_NH4+Jaro_NMNH145596A_BECKb_AREF.txt,soil,0.56726,0.65251,0.71385,0.76486,0.74638,0.73518,0.77657,0.56079
S07SNTL2_Alunite+Dickite_MV99-6-26b_ASDFRc_AREF.txt,soil,0.43347,0.50831,0.62999,0.66461,0.66439,0.66437,0.69767,0.32129
S07SNTL2_Alunite+Pyrophyl_SD1093A_BECKb_AREF.txt,soil,0.08585,0.15815,0.20122,0.23221,0.21338,0.20105,0.31431,0.07961
S07SNTL2_Alunite0.35K+.65Na_CU91-217H_ASDFRb_AREF.txt,soil,0.34375,0.39335,0.45145,0.4808,0.48581,0.48827,0.43669,0.36056
S07SNTL2_Alunite0.5+Kaol_KGa-1_AMX3_ASDNGb_AREF.txt,soil,0.6879,0.75424,0.84561,0.87973,0.88376,0.88576,0.77107,0.53213
S07SNTL2_Alunite0.5+Kaol_KGa-1_AMX3_BECKb_AREF.txt,soil,0.67614,0.74977,0.85106,0.89378,0.89985,0.90375,0.77335,0.76195
S07SNTL2_Alunite-K_CU91-217G1_HiTemp_ASDFRb_AREF.txt,soil,0.39098,0.4484,0.48771,0.50849,0.51327,0.51556,0.49915,0.25
S07SNTL2_Basalt_fresh_BR93-46B_BECKb_AREF.txt,soil,0.0832,0.09325,0.10845,0.11492,0.11296,0.11071,0.11429,0.05726
S07SNTL2_Basalt_weathered_BR93-43_BECKb_AREF.txt,soil,0.11494,0.13128,0.14804,0.16462,0.16124,0.15862,0.1825,0.38469
S07SNTL2_Beidellite+Montmor_GDS123_ASDFRb_AREF.txt,soil,0.583,0.62871,0.67541,0.71603,0.71764,0.71782,0.64334,0.61012
S07SNTL2_Biotite-Chlorite_Mx_BR93-36A_BECKb_AREF.txt,soil,0.14587,0.17294,0.17038,0.17549,0.17492,0.17271,0.24438,0.20843
S07SNTL2_Blue_Efflorscnt_Min_SU93-300_BECKb_AREF.txt,soil,0.2446,0.24309,0.14756,0.10621,0.11009,0.11238,0.14706,0.15622
S07SNTL2_Calc.25+Dolo.25+Ca-Mont_AMX7_ASDNGb_AREF.txt,soil,0.71105,0.74115,0.76683,0.77898,0.7799,0.78009,0.76689,0.54716
S07SNTL2_Calc.25+Dolo.25+Ca-Mont_AMX7_BECKb_AREF.txt,soil,0.72668,0.75846,0.78988,0.80792,0.81003,0.8117,0.77407,0.57452
S07SNTL2_Calc.25+Dolo.25+Na-Mon_AMX18_ASDNGb_AREF.txt,soil,0.71814,0.75119,0.76228,0.77513,0.77344,0.77201,0.79239,0.70383
S07SNTL2_Calc.25+Dolo.25+Na-Mon_AMX18_BECKb_AREF.txt,soil,0.72607,0.75861,0.76857,0.78487,0.78467,0.78397,0.79177,0.34648
S07SNTL2_Calcite.33+Ca-Mont.67_AMX19_ASDNGb_AREF.txt,soil,0.72168,0.76021,0.79403,0.81075,0.81318,0.81423,0.79736,0.65794
S07SNTL2_Calcite.33+Ca-Mont.67_AMX19_BECKb_AREF.txt,soil,0.73518,0.77573,0.8164,0.8387,0.84265,0.84554,0.80315,0.73583
S07SNTL2_Calcite.33+Epidote.67_GDS311_ASDFRa_AREF.txt,soil,0.21825,0.29918,0.32957,0.43049,0.44677,0.45385,0.63548,0.21467
S07SNTL2_Calcite.33+Na-Mont.67_AMX44_ASDNGb_AREF.txt,soil,0.73119,0.77366,0.78795,0.80559,0.80452,0.80341,0.83154,0.68887
S07SNTL2_Calcite.5+.Ca-Mont.5_AMX6_ASDNGb_AREF.txt,soil,0.76875,0.80009,0.82758,0.841,0.84287,0.8437,0.83086,0.67597
S07SNTL2_Calcite.5+.Ca-Mont.5_AMX6_BECKb_AREF.txt,soil,0.78538,0.81708,0.84917,0.86765,0.87141,0.87434,0.84191,0.39146
S07SNTL2_Calcite.5+.Na-Mont.5_AMX43_ASDNGb_AREF.txt,soil,0.77585,0.81013,0.82304,0.83715,0.83641,0.83562,0.85637,0.56145
S07SNTL2_Calcite.5+Dolomite.5_AMX8_ASDNGb_AREF.txt,soil,0.79178,0.79951,0.80474,0.80595,0.80426,0.80315,0.80144,0.4979
S07SNTL2_Calcite.5+Dolomite.5_AMX8_BECKb_AREF.txt,soil,0.81857,0.8239,0.82892,0.83504,0.83492,0.83547,0.82253,0.73613
S07SNTL2_Calcite.67+Epidote.33_GDS310_ASDFRa_AREF.txt,soil,0.33412,0.41225,0.43942,0.52898,0.54274,0.5486,0.69287,0.37315
S07SNTL2_Calcite.7+Kaolin-wxl.3_AMX9_ASDNGa_AREF.txt,soil,0.88329,0.90275,0.92178,0.93247,0.93382,0.93463,0.93617,0.70952
S07SNTL2_Calcite.7+Kaolin-wxl.3_AMX9_BECKa_AREF.txt,soil,0.89975,0.91929,0.93843,0.95254,0.95643,0.95956,0.9594,0.7661
S07SNTL2_Calcite.8+Ca-Montmor.2_AMX15_BECKb_AREF.txt,soil,0.75087,0.79422,0.8338,0.8577,0.86889,0.87356,0.8454,0.72481
S07SNTL2_Calcite.80+Mont_Swy-1_GDS212_ASDNGa_AREF.txt,soil,0.7442,0.78589,0.79955,0.81957,0.82064,0.82089,0.84928,0.43714
S07SNTL2_Calcite.80wt+Kaol_CM9_GDS213_ASDNGa_AREF.txt,soil,0.8553,0.87794,0.88733,0.89656,0.89898,0.8999,0.92275,0.49631
S07SNTL2_Calcite+.33Muscov_AMX5_Ruby_BECKa_AREF.txt,soil,0.84349,0.85097,0.88442,0.9021,0.9003,0.89988,0.93597,0.5502
S07SNTL2_Calcite+Talc_PC99-1G_ASDFRc_AREF.txt,soil,0.3866,0.38972,0.37973,0.37141,0.36408,0.35934,0.36533,0.35937
S07SNTL2_Chabazite+Thom+Wair_HS193.3B_ASDFRb_AREF.txt,soil,0.57926,0.61823,0.66095,0.68631,0.69302,0.69641,0.51231,0.42606
S07SNTL2_Chabazite+Thom+Wair_HS193.3B_BECKb_AREF.txt,soil,0.56278,0.60651,0.65485,0.68647,0.6908,0.69216,0.49111,0.65885
S07SNTL2_Chl.33+Epid.33+Cal.33_GDS319_ASDFRa_AREF.txt,soil,0.16524,0.18761,0.16102,0.17066,0.17234,0.17068,0.378,0.06558
S07SNTL2_Chlor.2+Epid.2+Calc.6_GDS314_ASDFRa_AREF.txt,soil,0.23033,0.25152,0.22271,0.23119,0.23277,0.23101,0.42982,0.20601
S07SNTL2_Chlor.2+Epid.6+Calc.2_GDS312_ASDFRa_AREF.txt,soil,0.14606,0.18088,0.1656,0.18659,0.18992,0.18934,0.39144,0.0658
S07SNTL2_Chlor.6+Epid.2+Calc.2_GDS313_ASDFRa_AREF.txt,soil,0.13356,0.14397,0.11512,0.11704,0.11737,0.11554,0.29585,0.05453
S07SNTL2_Chlor+Goethite_CU93-4B_Phyl_BECKa_AREF.txt,soil,0.25267,0.27836,0.26151,0.24844,0.23771,0.23037,0.2473,0.1246
S07SNTL2_Chlorit.33+Calcite.67_GDS315_ASDFRa_AREF.txt,soil,0.20873,0.21512,0.18039,0.17949,0.17971,0.17795,0.35884,0.13316
S07SNTL2_Chlorite.33+Epidot.67_GDS318_ASDFRa_AREF.txt,soil,0.11636,0.14265,0.12193,0.13572,0.13813,0.13696,0.33782,0.07292
S07SNTL2_Chlorite.67+Calcit.33_GDS316_ASDFRa_AREF.txt,soil,0.12929,0.13593,0.10605,0.10562,0.10617,0.10433,0.27704,0.03559
S07SNTL2_Chlorite.67+Epidot.33_GDS317_ASDFRa_AREF.txt,soil,0.12077,0.13409,0.10543,0.10964,0.11043,0.10856,0.30071,0.09161
S07SNTL2_Chlorite_Phyllite_CU91-238A_BECKb_AREF.txt,soil,0.10331,0.13074,0.1476,0.14528,0.13941,0.13532,0.13156,0.1229
S07SNTL2_Chlorite_Serpentine_BR93-22B_BECKb_AREF.txt,soil,0.17989,0.20864,0.20504,0.23575,0.24937,0.25318,0.45012,0.10448
S07SNTL2_Chlorite+Muscovite_CU93-65A_ASDNGa_AREF.txt,soil,0.15482,0.1765,0.15727,0.1527,0.14894,0.14519,0.27258,0.11922
S07SNTL2_Chlorite+Muscovite_CU93-65A_BECKa_AREF.txt,soil,0.10329,0.12789,0.11435,0.11566,0.11409,0.11212,0.24208,0.05287
S07SNTL2_ClinozoisiteEpidote_HS299.1B_ASDFRb_AREF.txt,soil,0.528,0.57702,0.7057,0.72367,0.72952,0.73372,0.84032,0.60892
S07SNTL2_ClinozoisiteEpidote_HS299.2B_ASDFRb_AREF.txt,soil,0.35365,0.38835,0.5382,0.5536,0.55956,0.5643,0.73144,0.76855
S07SNTL2_ClinozoisiteEpidote_HS299.2B_BECKb_AREF.txt,soil,0.36827,0.40254,0.55235,0.5734,0.57874,0.58375,0.72546,0.64125
S07SNTL2_ClinozoisiteEpidote_HS299.4B_ASDFRb_AREF.txt,soil,0.1195,0.12955,0.27091,0.24169,0.23767,0.23786,0.50184,0.21617
S07SNTL2_ClinozoisiteEpidote_HS299.6_ASDFRb_AREF.txt,soil,0.14731,0.14007,0.25813,0.20492,0.19807,0.19633,0.38677,0.08523
S07SNTL2_Cordierite-QtzMus_HS346.1B_ASDFRc_AREF.txt,soil,0.2809,0.298,0.3287,0.35545,0.35546,0.35471,0.31823,0.18051
S07SNTL2_Cordierite-QtzMus_HS346.2B_ASDFRc_AREF.txt,soil,0.39485,0.42264,0.45031,0.46456,0.45574,0.44916,0.46644,0.41543
S07SNTL2_Cordierite-QtzMus_HS346.3B_ASDFRc_AREF.txt,soil,0.29805,0.31676,0.33329,0.33938,0.32758,0.31993,0.34778,0.25906
S07SNTL2_Cordierite-QtzMus_HS346.3B_BECKc_AREF.txt,soil,0.27086,0.28958,0.3076,0.31857,0.3078,0.30343,0.30637,0.22183
S07SNTL2_Cordierite-QtzMus_HS346.4B_ASDFRc_AREF.txt,soil,0.15628,0.16693,0.17599,0.16922,0.15429,0.14614,0.17679,0.06961
S07SNTL2_Covellite-Pyrite_HS477.4B_ASDFRb_AREF.txt,soil,0.04322,0.0428,0.05495,0.09328,0.10049,0.10408,0.13882,0.02509
S07SNTL2_Covellite-Pyrite_HS477.6_ASDFRb_AREF.txt,soil,0.07815,0.06648,0.07029,0.17557,0.20557,0.22089,0.31859,0.20848
S07SNTL2_Dic.4+msc.3+gyp.2+jr.1_AMX20_BECKa_AREF.txt,soil,0.69624,0.73968,0.80663,0.82419,0.8102,0.80569,0.82218,0.58492
S07SNTL2_Dolomit+Calcite+Talc_PC99-1E_ASDFRc_AREF.txt,soil,0.33852,0.3549,0.36434,0.36465,0.36178,0.35982,0.34303,0.08517
S07SNTL2_Dolomite.5+Ca-Mont.5_AMX10_ASDNGb_AREF.txt,soil,0.65334,0.68222,0.70607,0.71696,0.71693,0.71648,0.70291,0.41633
S07SNTL2_Dolomite.5+Ca-Mont.5_AMX10_BECKb_AREF.txt,soil,0.66798,0.69983,0.7306,0.74819,0.74865,0.74905,0.70623,0.39522
S07SNTL2_Dolomite.5+Na-Mont.5_AMX21_ASDNGb_AREF.txt,soil,0.66043,0.69225,0.70153,0.71311,0.71046,0.7084,0.72842,0.63696
S07SNTL2_Dolomite.5+Na-Mont.5_AMX21_BECKb_AREF.txt,soil,0.66737,0.69998,0.70929,0.72514,0.72329,0.72133,0.72393,0.68785
S07SNTL2_Erionite+Merlinoite_GDS144_BECKc_AREF.txt,soil,0.20344,0.46163,0.6222,0.70906,0.67371,0.65009,0.7727,0.39917
S07SNTL2_Erionite+Offretite_GDS72_BECKb_AREF.txt,soil,0.74134,0.85707,0.90209,0.93381,0.93501,0.93647,0.81602,0.76254
S07SNTL2_Fe-Hydroxide_SU93-106_amorph_BECKb_AREF.txt,soil,0.04488,0.09066,0.18712,0.21424,0.20509,0.19775,0.19346,0.07722
S07SNTL2_Goeth+qtz.5+Jarosite.5_AMX11_BECKb_AREF.txt,soil,0.35203,0.52457,0.66185,0.66036,0.60184,0.57186,0.82358,0.33004
S07SNTL2_Goethite_Phyllite_CU91-236A_ASDFRb_AREF.txt,soil,0.19953,0.34063,0.40377,0.47023,0.42593,0.4008,0.73844,0.27821
S07SNTL2_Goethite0.02+Quartz_GDS240_BECKa_AREF.txt,soil,0.38006,0.55349,0.65356,0.71461,0.69718,0.68722,0.8506,0.52104
S07SNTL2_Gyp.3+jr.1+msc.4+dic.2_AMX22_BECKa_AREF.txt,soil,0.71064,0.74606,0.81155,0.82706,0.80992,0.80512,0.8063,0.49999
S07SNTL2_Gyp.4+jr20+msc.2+dic.2_AMX23_BECKa_AREF.txt,soil,0.70218,0.75341,0.81948,0.82088,0.79346,0.78753,0.77391,0.74865
S07SNTL2_Gyp.5+Kjar.3+hAlmsc.2_AMX24_BECKa_AREF.txt,soil,0.68312,0.74229,0.81558,0.80463,0.77395,0.75523,0.74854,0.62634
S07SNTL2_Gyp+jar+ill_BRCM1_Marysvale_ASDFRb_AREF.txt,soil,0.26873,0.40734,0.49488,0.50242,0.46109,0.43906,0.6328,0.51009
S07SNTL2_Halloysite_CU91-242D_ASDFRb_AREF.txt,soil,0.46375,0.51626,0.5613,0.57499,0.56727,0.56285,0.61488,0.65468
S07SNTL2_Halloysite+Kaolinite_CM29_BECKa_AREF.txt,soil,0.75556,0.82821,0.86147,0.88349,0.87604,0.87515,0.83106,0.72356
S07SNTL2_Hematite.02+Quartz.98_GDS76_BECKa_AREF.txt,soil,0.24465,0.29777,0.61377,0.70311,0.67981,0.66939,0.91804,0.71731
S07SNTL2_Hematitic_Alt._Tuff_CU91-223_ASDFRb_AREF.txt,soil,0.06495,0.10066,0.25791,0.30914,0.28188,0.27058,0.60179,0.1941
S07SNTL2_Hydrated_Volc_Tuff_CU01-4A_ASDFRc_AREF.txt,soil,0.30496,0.35282,0.39075,0.41931,0.42034,0.42002,0.40782,0.30268
S07SNTL2_Illite_CU00-5B_Hi-Al+Quartz_ASDFRa_AREF.txt,soil,0.42828,0.44143,0.44553,0.45347,0.45397,0.45394,0.4247,0.16425
S07SNTL2_Jarosite_Rhyolite_CU91-20A_BECKa_AREF.txt,soil,0.28892,0.32876,0.30516,0.2396,0.22688,0.21969,0.67655,0.19339
S07SNTL2_Kalun+kaol+gth_mv2-ar3_ASDFRb_AREF.txt,soil,0.19148,0.2654,0.44668,0.56112,0.53415,0.52017,0.65221,0.59349
S07SNTL2_Kaol.5+MuscCU91-250A_AMX13_ASDNGb_AREF.txt,soil,0.67389,0.73242,0.77613,0.80561,0.80808,0.80901,0.86565,0.69442
S07SNTL2_Kaol.5+MuscCU91-250A_AMX13_BECKb_AREF.txt,soil,0.59807,0.65425,0.69861,0.73005,0.73409,0.73609,0.77761,0.68524
S07SNTL2_Kaol_Wxl+0.5Musc_Ruby_AMX12_ASDNGa_AREF.txt,soil,0.71498,0.73747,0.77871,0.79998,0.79495,0.79131,0.85088,0.40245
S07SNTL2_Kaol_Wxl+0.5Musc_Ruby_AMX12_BECKa_AREF.txt,soil,0.69008,0.71388,0.76356,0.79212,0.78769,0.78445,0.84236,0.64452
S07SNTL2_Kaol_wxl+others_CU00-19A_ASDFRb_AREF.txt,soil,0.24835,0.29962,0.37319,0.40303,0.4009,0.39968,0.45544,0.19218
S07SNTL2_Kaol_wxl+others_CU91-200A_ASDFRb_AREF.txt,soil,0.51315,0.57269,0.65323,0.69938,0.7074,0.71088,0.73314,0.57698
S07SNTL2_Kaol+Muscov_intimate_CU93-5C_ASDNGa_AREF.txt,soil,0.46881,0.53916,0.57468,0.60727,0.60959,0.60968,0.62114,0.33815
S07SNTL2_Kaol+Muscov_intimate_CU93-5C_BECKa_AREF.txt,soil,0.27174,0.38262,0.44974,0.49645,0.4977,0.4963,0.51218,0.59616
S07SNTL2_Kaolin_Smect_H89-FR-2_.5Kaol_BECKb_AREF.txt,soil,0.35068,0.40847,0.45655,0.50683,0.51667,0.51967,0.56326,0.26164
S07SNTL2_Kaolin_Smect_H89-FR-5_.3Kaol_BECKb_AREF.txt,soil,0.33238,0.40009,0.49092,0.56067,0.56992,0.57234,0.69655,0.37383
S07SNTL2_Kaolin_Smect_KLF506_.95Kaol_BECKb_AREF.txt,soil,0.38796,0.43551,0.5321,0.59412,0.59266,0.59074,0.73125,0.63363
S07SNTL2_Kaolin_Smect_KLF508_.85Kaol_BECKb_AREF.txt,soil,0.19239,0.21555,0.29294,0.36315,0.37407,0.37892,0.62144,0.28967
S07SNTL2_Kaolin-Smect_KLF511_.12Kaol_BECKb_AREF.txt,soil,0.37022,0.51101,0.58463,0.64756,0.6491,0.64657,0.70444,0.39381
S07SNTL2_Kaolwxl.75+Alun_HS295_AMX14_ASDNGb_AREF.txt,soil,0.66125,0.71144,0.75476,0.77383,0.77516,0.77501,0.73215,0.33267
S07SNTL2_Kaolwxl.75+Alun_HS295_AMX14_BECKb_AREF.txt,soil,0.67626,0.72884,0.78119,0.80799,0.8132,0.81416,0.74119,0.63315
S07SNTL2_Limestone_CU02-11A_ASDFRa_AREF.txt,soil,0.17182,0.19417,0.21602,0.23653,0.24377,0.24769,0.32617,0.12632
S07SNTL2_Magnesite+Hydromag_HS47.1B_ASDFRa_AREF.txt,soil,0.90254,0.9126,0.94059,0.95037,0.95397,0.95548,0.91522,0.786
S07SNTL2_Magnesite+Hydromag_HS47.2B_ASDFRa_AREF.txt,soil,0.77558,0.81315,0.83455,0.84744,0.85109,0.85259,0.81404,0.75672
S07SNTL2_Magnesite+Hydromag_HS47.3B_ASDFRa_AREF.txt,soil,0.7922,0.8355,0.86122,0.87723,0.88503,0.88883,0.80177,0.6858
S07SNTL2_Magnesite+Hydromag_HS47.3B_BECKa_AREF.txt,soil,0.88518,0.92783,0.9479,0.95737,0.97153,0.98331,0.88562,0.80896
S07SNTL2_Magnesite+Hydromag_HS47.4B_ASDFRa_AREF.txt,soil,0.77,0.81853,0.8473,0.86781,0.88316,0.89126,0.74456,0.8551
S07SNTL2_Magnetite_skarn_BR93-5B_BECKb_AREF.txt,soil,0.10047,0.11733,0.12284,0.11708,0.11041,0.10571,0.0999,0.08004
S07SNTL2_Mesolite+Hydroxyapop_GDS6_BECKb_AREF.txt,soil,0.8453,0.86445,0.87799,0.88669,0.88449,0.88642,0.63383,0.67275
S07SNTL2_Microcline+others_HS107.3B_BECKa_AREF.txt,soil,0.62066,0.65062,0.69536,0.71884,0.72248,0.7246,0.73887,0.4189
S07SNTL2_Montmorillonite+Illite_CM37_BECKb_AREF.txt,soil,0.32698,0.48042,0.56082,0.61414,0.61643,0.61618,0.73216,0.57028
S07SNTL2_Montmorillonite+Illite_CM42_BECKb_AREF.txt,soil,0.38633,0.56706,0.66036,0.70414,0.69533,0.68736,0.75686,0.4513
S07SNTL2_Montmorillonite-Na_CU93-52A_BECKc_AREF.txt,soil,0.26711,0.36529,0.46127,0.50429,0.50411,0.50267,0.52856,0.40265
S07SNTL2_Mordenite+Clinopt._GDS151_BECKa_AREF.txt,soil,0.61387,0.73591,0.79408,0.82911,0.83105,0.83081,0.79928,0.68197
S07SNTL2_Muscov+Jaros_CU93-314_coatng_ASDNGb_AREF.txt,soil,0.32014,0.42908,0.52592,0.52199,0.47315,0.44669,0.6524,0.34282
S07SNTL2_Muscov+Jaros_CU93-314_coatng_BECKb_AREF.txt,soil,0.34303,0.43248,0.50814,0.50988,0.47584,0.45806,0.60907,0.23186
S07SNTL2_Muscovite+Pyrophyl_JH_PYRP1_ASDFRb_AREF.txt,soil,0.37934,0.44087,0.44959,0.45019,0.47514,0.49093,0.55676,0.38714
S07SNTL2_Muscovite-low-Al_CU98-8H_ASDFRb_AREF.txt,soil,0.20244,0.35083,0.41851,0.46605,0.45171,0.44098,0.56441,0.2741
S07SNTL2_Muscovite-medhi-Al_CU91-252D_ASDFRc_AREF.txt,soil,0.13,0.19778,0.22806,0.24161,0.23048,0.2219,0.34237,0.14232
S07SNTL2_Muscovite-medhi-Al_CU91-252D_ASDNGc_AREF.txt,soil,0.37,0.55058,0.60917,0.6446,0.63791,0.63047,0.80899,0.36258
S07SNTL2_Muscovite-medlowAl_CU91-250A_ASDFRb_AREF.txt,soil,0.29631,0.361,0.39455,0.41543,0.40991,0.40568,0.51488,0.34066
S07SNTL2_Muscovite-medlowAl_CU91-250A_ASDNGb_AREF.txt,soil,0.52027,0.59624,0.64092,0.67297,0.67392,0.67347,0.77931,0.45929
S07SNTL2_Natrolite+Zeolite_HS168.1B_ASDFRb_AREF.txt,soil,0.8409,0.88345,0.91796,0.93702,0.94027,0.94159,0.90572,0.85598
S07SNTL2_Natrolite+Zeolite_HS168.2B_ASDFRb_AREF.txt,soil,0.77422,0.8165,0.84905,0.87359,0.87762,0.87931,0.79773,0.83533
S07SNTL2_Natrolite+Zeolite_HS168.3B_ASDFRb_AREF.txt,soil,0.70775,0.74037,0.76717,0.79185,0.796,0.79754,0.61244,0.68108
S07SNTL2_Natrolite+Zeolite_HS168.4B_ASDFRb_AREF.txt,soil,0.68437,0.69262,0.69659,0.74759,0.77108,0.78303,0.48664,0.53537
S07SNTL2_Nontronite+others_CU00-13A_ASDFRb_AREF.txt,soil,0.23718,0.28255,0.30864,0.32728,0.31896,0.31316,0.3023,0.17435
S07SNTL2_Opalized_Tuff_CU00-15E_ASDFRb_AREF.txt,soil,0.68901,0.78592,0.87251,0.89946,0.90134,0.90207,0.89061,0.64844
S07SNTL2_Phlogopite_Sand_Mix_BR93-20_BECKa_AREF.txt,soil,0.08104,0.11453,0.14789,0.18077,0.18942,0.19345,0.32752,0.20726
S07SNTL2_Pyrophyl.25+wxlKaol.75_AMX17_ASDNGb_AREF.txt,soil,0.60656,0.65374,0.70621,0.755,0.76798,0.77457,0.80553,0.44019
S07SNTL2_Pyrophyl.25+wxlKaol.75_AMX17_BECKb_AREF.txt,soil,0.72578,0.75848,0.77234,0.78927,0.7925,0.79317,0.79835,0.49381
S07SNTL2_Pyrophyl.50+Ca-Mont.50_AMX16_ASDNGa_AREF.txt,soil,0.60656,0.65374,0.70621,0.755,0.76798,0.77457,0.80553,0.58849
S07SNTL2_Pyrophyl.50+Ca-Mont.50_AMX16_BECKa_AREF.txt,soil,0.60402,0.66158,0.72004,0.76767,0.78055,0.78872,0.77039,0.62294
S07SNTL2_Pyrophyl+Muscovite_JH_PYRM1_ASDFRb_AREF.txt,soil,0.247,0.29175,0.32893,0.3555,0.35927,0.36072,0.39333,0.24543
S07SNTL2_Pyroxene_Basalt_CU01-20A_ASDFRa_AREF.txt,soil,0.13979,0.16053,0.17371,0.17837,0.18161,0.18376,0.22747,0.11441
S07SNTL2_Sand_DWO-3-DEL2a_no_vis.oil_ASDFRa_AREF.txt,soil,0.11665,0.15181,0.19304,0.2545,0.27531,0.28643,0.3719,0.26983
S07SNTL2_Sand_DWO-3-DEL2ar1_no_oil_ASDFRa_AREF.txt,soil,0.1819,0.22466,0.25644,0.28306,0.2906,0.29413,0.38674,0.22537
S07SNTL2_Sand_DWO-3-DEL2ar2_wet_noOil_ASDFRa_AREF.txt,soil,0.10011,0.11763,0.12995,0.13937,0.14251,0.14393,0.1621,0.15206
S07SNTL2_Sand_DWO-3-DEL2b_wet_no_oil_ASDFRa_AREF.txt,soil,0.09079,0.12612,0.14205,0.25933,0.28129,0.29325,0.29765,0.25165
S07SNTL2_Sand_DWO-3-DEL2c_no_vis.oil_ASDFRa_AREF.txt,soil,0.11437,0.1491,0.17708,0.21287,0.22144,0.2255,0.29274,0.08415
S07SNTL2_Sand_DWO-3-DEL2d_wet_no_oil_ASDFRa_AREF.txt,soil,0.07323,0.0934,0.11059,0.1368,0.14398,0.14787,0.16346,0.07472
S07SNTL2_Sand_GrndIsle1_no_oil_ASDFRa_AREF.txt,soil,0.20783,0.24945,0.27271,0.29534,0.3026,0.30613,0.42465,0.22203
S07SNTL2_Sand_GrndIsle2_no_visibl_oil_ASDFRa_AREF.txt,soil,0.11563,0.14818,0.1653,0.18171,0.18711,0.1898,0.28567,0.07451
S07SNTL2_Sanidine+albite_NMNH103200_BECKc_AREF.txt,soil,0.63318,0.65982,0.67928,0.69177,0.68953,0.69025,0.73507,0.24505
S07SNTL2_Stonewall_Playa_CU93-52A_a11_BECKa_AREF.txt,soil,0.26711,0.36529,0.46127,0.50429,0.50411,0.50267,0.52856,0.31525
S07SNTL2_Stonewall_Playa_Dry_Mud_2001_ASDFRa_AREF.txt,soil,0.28318,0.38084,0.48541,0.53304,0.53287,0.53137,0.55916,0.34912
S07SNTL2_Talc+Clinochlore_HS327.3B_ASDFRa_AREF.txt,soil,0.32314,0.33992,0.30084,0.29933,0.2928,0.28639,0.52338,0.20936
S07SNTL2_Talc+Clinochlore_HS327.3B_BECKa_AREF.txt,soil,0.38285,0.40173,0.36084,0.36753,0.36089,0.35444,0.61183,0.23475
S07SNTL2_Teepleite+Trona_NMNH102798_BECKa_AREF.txt,soil,0.56315,0.64908,0.72607,0.76539,0.7714,0.77548,0.42561,0.70959
S07SNTL2_White_Crust_LV30_starkeyite_ASDFRc_AREF.txt,soil,0.27895,0.33077,0.38696,0.44016,0.45146,0.45682,0.26116,0.14446
S07SNTL2_Xenotime+Monazite_REE_WS384_ASDFRa_AREF.txt,soil,0.08852,0.11409,0.12129,0.18664,0.17416,0.20217,0.20284,0.12817
S07SNTL2_Zincite+Franklin_HS147.1B_ASDFRb_AREF.txt,soil,0.05978,0.10397,0.1793,0.23098,0.26477,0.28512,0.54029,0.07628
S07SNTL2_Zincite+Franklin_HS147.2B_ASDFRb_AREF.txt,soil,0.06491,0.09333,0.16883,0.19169,0.2073,0.21639,0.50573,0.20206
S07SNTL2_Zincite+Franklin_HS147.3B_ASDFRb_AREF.txt,soil,0.05954,0.06748,0.12986,0.15334,0.16105,0.16543,0.30274,0.08677
S07SNTL2_Zincite+Franklin_HS147.3B_BECKb_AREF.txt,soil,0.0543,0.06234,0.11654,0.13908,0.14724,0.15255,0.26501,0.06619
S07SNTL2_Zincite+Franklin_HS147.4B_ASDFRb_AREF.txt,soil,0.06857,0.07576,0.11693,0.14033,0.14813,0.15258,0.21868,0.08298
S07SNTL2_Antigorite+.2DryGrass_AMX26_ASDFRa_AREF.txt,vegetation,0.16230077,0.17010121,0.17127271,0.17302552,0.17107317,0.1694961,0.13898361,0.10217467
S07SNTL2_Antigorite+.33DryGrass_AMX25_ASDFRa_AREF.txt,vegetation,0.15604833,0.16998993,0.18152127,0.19289516,0.1937739,0.19378509,0.17097318,0.12427083
S07SNTL2_Aspen_Aspen-1_green-top_ASDFRa_AREF.txt,vegetation,0.066101894,0.11609586,0.057760756,0.47465912,0.47497088,0.47503081,0.3033185,0.15828143
S07SNTL2_Aspen_Aspen-2_green-bottom_ASDFRa_AREF.txt,vegetation,0.19294626,0.27390668,0.18124582,0.51345736,0.5150826,0.51603478,0.39072353,0.27451965
S07SNTL2_Aspen_Aspen-3_yellowGreenTop_ASDFRa_AREF.txt,vegetation,0.11034256,0.33370683,0.20174272,0.52026778,0.52345252,0.5251894,0.36021239,0.20885794
S07SNTL2_Aspen_Aspen-4_yellow-top_ASDFRa_AREF.txt,vegetation,0.11275944,0.40462959,0.41637728,0.47528493,0.47656158,0.47719079,0.32404819,0.1805083
S07SNTL2_Aspen_Leaf-A_DW92-2_BECKa_AREF.txt,vegetation,0.042724833,0.080085941,0.037225213,0.46095839,0.46109554,0.46099982,0.25566241,0.11468522
S07SNTL2_Aspen_Leaf-B_DW92-3_BECKa_AREF.txt,vegetation,0.03973864,0.070256777,0.032647084,0.47454911,0.47488987,0.47361887,0.26308924,0.11735167
S07SNTL2_Aspen_YNP-AS-1_forest_AVIRISb_RTGC.txt,vegetation,0.027917743,0.047046911,0.029748619,0.29805923,0.3107295,0.31886137,0.13721013,0.063964263
S07SNTL2_Bacterial_mat_YNP-B1_AVIRISb_RTGC.txt,vegetation,0.032685477,0.082818434,0.079546146,0.22898418,0.24114646,0.23294994,0.035244595,0.016117137
S07SNTL2_Blackbrush_ANP92-9A_leaves_BECKa_AREF.txt,vegetation,0.048369966,0.081916913,0.049140606,0.5122605,0.52451563,0.52970833,0.16317841,0.068852663
S07SNTL2_Blue_Spruce_DW92-5_needles_BECKa_AREF.txt,vegetation,0.086454615,0.10645376,0.062094022,0.3970567,0.3978954,0.39793536,0.097106308,0.035586607
S07SNTL2_Buckbrush_CA01-CECU-1_bush_1_ASDFRa_AREF.txt,vegetation,0.045710064,0.057704389,0.068260327,0.15606917,0.16992715,0.17764099,0.17036295,0.10969017
S07SNTL2_Buckbrush_CA01-CECU-2_bush_2_ASDFRa_AREF.txt,vegetation,0.045614116,0.059973687,0.065201059,0.1807804,0.19601214,0.20445503,0.17105018,0.10693011
S07SNTL2_Buckbrush_CA01-CECU-3_bush_3_ASDFRa_AREF.txt,vegetation,0.063006401,0.076324552,0.085245214,0.16039006,0.17293122,0.18003033,0.20390712,0.1423195
S07SNTL2_Cactus_Opuntia-1_purple_pad_ASDFRa_AREF.txt,vegetation,0.17443494,0.15891019,0.28871962,1.044516,1.0422307,1.0363075,0.1919166,0.090281479
S07SNTL2_Cattail_YNP-CT-1_AVIRISb_RTGC.txt,vegetation,0.030474063,0.048586328,0.037825741,0.23750715,0.25193498,0.26028726,0.13334416,0.072920851
S07SNTL2_Chamise_CA01-ADFA-1_bush_1_ASDFRa_AREF.txt,vegetation,0.0270983,0.046654787,0.066095881,0.22178955,0.25362623,0.27114657,0.18255331,0.094282575
S07SNTL2_Chamise_CA01-ADFA-2_bush_2_ASDFRa_AREF.txt,vegetation,0.021806769,0.038416088,0.047730424,0.19626594,0.22263147,0.23705937,0.16236922,0.08202213
S07SNTL2_Cheatgrass_ANP92-11A_BECKa_AREF.txt,vegetation,0.06783881,0.089368932,0.15218696,0.27078807,0.31335032,0.33797696,0.33275434,0.22686508
S07SNTL2_Cheatgrass_ANPC1_field_calib_ASDFRa_AREF.txt,vegetation,0.082042716,0.10448354,0.14201878,0.18582748,0.20166551,0.21024157,0.31774792,0.2934604
S07SNTL2_Conifer-Meadow-Mix_YNP-CM-1_AVIRISb_RTGC.txt,vegetation,0.01219306,0.029249229,0.019382451,0.20750566,0.21982923,0.22749235,0.10781803,0.05452536
S07SNTL2_D.spicata_DWV6-0511_dryNPV.a_ASDFRa_AREF.txt,vegetation,0.20335764,0.24340896,0.32436928,0.43148753,0.47096756,0.49242711,0.54803628,0.38087097
S07SNTL2_Douglas-Fir_YNP-DF-1_forest_AVIRISb_RTGC.txt,vegetation,0.013429468,0.022575343,0.016441088,0.12293971,0.12918566,0.13333198,0.05989838,0.031417955
S07SNTL2_Douglas-Fir_YNP-DF-2_forest_AVIRISb_RTGC.txt,vegetation,0.021500502,0.034176655,0.024210727,0.19667371,0.20791438,0.21502149,0.093225241,0.047918398
S07SNTL2_Douglas-Fir_YNP-DF-3_forest_AVIRISb_RTGC.txt,vegetation,0.031533103,0.044044256,0.029417766,0.21125995,0.2225944,0.22976217,0.10560817,0.054179564
S07SNTL2_Engelmann-Spruce_ES-Needls-1_ASDFRa_AREF.txt,vegetation,0.066379249,0.11515301,0.054783378,0.61907583,0.63361394,0.64257723,0.18849187,0.068765163
S07SNTL2_Espruce-Sfir_YNP-SF-1_forst_AVIRISb_RTGC.txt,vegetation,0.015274805,0.024267094,0.018889382,0.12284925,0.1298871,0.13432835,0.074872039,0.041914154
S07SNTL2_Espruce-Sfir_YNP-SF-2_forst_AVIRISb_RTGC.txt,vegetation,0.017304556,0.029008772,0.020344399,0.13972917,0.1462266,0.15033786,0.07895796,0.043618537
S07SNTL2_Espruce-Sfir_YNP-SF-3_forst_AVIRISb_RTGC.txt,vegetation,0.012712985,0.020961717,0.016377792,0.1079959,0.11407212,0.11798514,0.063074835,0.034454364
S07SNTL2_Espruce-Sfir_YNP-SF-4_forst_AVIRISb_RTGC.txt,vegetation,0.020369502,0.029973855,0.022407962,0.15044555,0.15829724,0.16328977,0.081160598,0.042548034
S07SNTL2_Espruce-Sfir_YNP-SF-5_forst_AVIRISb_RTGC.txt,vegetation,0.021234116,0.033554193,0.023105897,0.17715463,0.18573551,0.19142398,0.099000171,0.052867588
S07SNTL2_Flower_Geranium-1_Red-Orange_ASDFRa_AREF.txt,vegetation,0.0100003,0.028819509,0.60879219,0.76981825,0.78688401,0.79543,0.51920843,0.29556543
S07SNTL2_Flower_Pansy-1_Yellow_ASDFRa_AREF.txt,vegetation,0.097136565,0.53457195,0.55518252,0.77036935,0.78173196,0.78635061,0.42435476,0.21613227
S07SNTL2_Flower_Petunia-1_Pink_ASDFRa_AREF.txt,vegetation,0.025120398,0.013886123,0.3685714,0.5603801,0.56728756,0.57084244,0.3194136,0.19594355
S07SNTL2_Flower_Petunia-2_Purple_ASDFRa_AREF.txt,vegetation,0.037186164,0.010896645,0.13227621,0.62521929,0.64133966,0.64915109,0.36156082,0.20851231
S07SNTL2_Flower_Petunia-3_White_ASDFRa_AREF.txt,vegetation,0.4967013,0.53752118,0.5003407,0.72130483,0.73283386,0.73768145,0.46182752,0.30776307
S07SNTL2_Flower_Platycodon-1_Purple_ASDFRa_AREF.txt,vegetation,0.12986687,0.10610273,0.28217027,0.79258686,0.82235759,0.83460873,0.35779169,0.15613362
S07SNTL2_Flower_Platycodon-2_White_ASDFRa_AREF.txt,vegetation,0.40008286,0.47101167,0.44416308,0.74629772,0.75870514,0.76414388,0.39633769,0.23192413
S07SNTL2_Grass_AETR70_CA01-AETR-2_NPV_ASDFRa_AREF.txt,vegetation,0.096662953,0.12399855,0.16283004,0.19853279,0.20955151,0.21557678,0.29029843,0.20828898
S07SNTL2_Grass_AETR95_CA01-AETR-1_NPV_ASDFRa_AREF.txt,vegetation,0.069757804,0.098146044,0.14486884,0.18840282,0.20088206,0.2078537,0.28871971,0.17435166
S07SNTL2_Grass_CA01-TACA-1_meadow_NPV_ASDFRa_AREF.txt,vegetation,0.1087418,0.16656694,0.26404691,0.3445645,0.36854279,0.38212475,0.39452356,0.23488164
S07SNTL2_Grass_dry.4+.6green_AMX27_BECKa_AREF.txt,vegetation,0.10206997,0.15177011,0.14836387,0.55178952,0.56228435,0.56532347,0.30988485,0.17778629
S07SNTL2_Grass_dry.5+.5green_AMX28_BECKa_AREF.txt,vegetation,0.11642636,0.16702533,0.17518991,0.5176841,0.52756059,0.53054863,0.30798897,0.18322545
S07SNTL2_Grass_dry.6+.4green_AMX29_BECKa_AREF.txt,vegetation,0.13078272,0.1822805,0.20201591,0.48357847,0.49283713,0.49577385,0.30609336,0.18866466
S07SNTL2_Grass_dry.7+.3green_AMX30_BECKa_AREF.txt,vegetation,0.1451391,0.19753574,0.22884186,0.44947293,0.45811361,0.46099913,0.30419758,0.19410381
S07SNTL2_Grass_dry.8+.2green_AMX31_BECKa_AREF.txt,vegetation,0.15949549,0.21279094,0.25566787,0.41536745,0.42338994,0.42622447,0.30230179,0.19954306
S07SNTL2_Grass_dry.83+.17NaMont_AMX35_BECKb_AREF.txt,vegetation,0.16214432,0.19004749,0.24487966,0.34812379,0.38354215,0.40373978,0.40414429,0.29216436
S07SNTL2_Grass_dry.9+.1green_AMX32_BECKa_AREF.txt,vegetation,0.17385185,0.22804615,0.28249386,0.38126186,0.38866633,0.39144963,0.30040613,0.20498219
S07SNTL2_Grass_Golden_Dry_GDS480_ASDFRa_AREF.txt,vegetation,0.12478603,0.1694333,0.23276407,0.29224321,0.30727717,0.31522983,0.33092138,0.23475102
S07SNTL2_Grass-FescueNeedlg_YNP-FN-1_AVIRISb_RTGC.txt,vegetation,0.065727174,0.089212537,0.10540628,0.24510323,0.26692703,0.27949625,0.32107052,0.21146792
S07SNTL2_Grass-FescueWheatg_YNP-FW-1_AVIRISb_RTGC.txt,vegetation,0.030070139,0.056958448,0.049270492,0.28955528,0.31090841,0.32388183,0.21731663,0.11873863
S07SNTL2_Grass-FescueWheatg_YNP-FW-2_AVIRISb_RTGC.txt,vegetation,0.05244283,0.072977558,0.091784157,0.20040971,0.22056474,0.23223807,0.264265,0.1791736
S07SNTL2_Grass-FescueWheatg_YNP-FW-3_AVIRISb_RTGC.txt,vegetation,0.076870054,0.10045626,0.12037776,0.2370463,0.25717023,0.26880941,0.33569303,0.24718069
S07SNTL2_Grass-Smoothbrome_YNP-SB-1_AVIRISb_RTGC.txt,vegetation,0.061009292,0.080042079,0.099407837,0.20419855,0.22788593,0.24142221,0.32998607,0.22944221
S07SNTL2_Gray-Pine_CA01-PISA-1_branch_ASDFRa_AREF.txt,vegetation,0.045859847,0.07406459,0.05398643,0.32741225,0.34469074,0.35504794,0.15381168,0.068357117
S07SNTL2_Gray-Pine_CA01-PISA-2_branch_ASDFRa_AREF.txt,vegetation,0.042489082,0.069085546,0.051035479,0.3340641,0.35152408,0.36197057,0.14048012,0.060826018
S07SNTL2_Gray-Pine_CA01-PISA-3_needls_ASDFRa_AREF.txt,vegetation,0.056984872,0.096133441,0.051446058,0.56547594,0.57911718,0.5876137,0.19166662,0.070382468
S07SNTL2_Hyacinth_DWO-3-DEL-2_leaf.a_ASDFRa_AREF.txt,vegetation,0.10840905,0.19704691,0.094503105,0.78466374,0.79084659,0.79439133,0.31072396,0.12397785
S07SNTL2_J.roemer._DWV1-0511a_gr.a_ASDFRa_AREF.txt,vegetation,0.064599685,0.11153516,0.061371867,0.6749115,0.69321537,0.70341086,0.30177888,0.11700014
S07SNTL2_J.roemer._DWV1-0511b_dkgrn.a_ASDFRa_AREF.txt,vegetation,0.054705303,0.099972047,0.050399467,0.61067849,0.62541699,0.63359988,0.261343,0.10448451
S07SNTL2_J.roemer._DWV1-0511c_grbrn.a_ASDFRa_AREF.txt,vegetation,0.038918953,0.068058752,0.051468037,0.39237225,0.4293766,0.44988033,0.2384069,0.10507809
S07SNTL2_J.roemer._DWV1-0511d_NPV.a_ASDFRa_AREF.txt,vegetation,0.18078248,0.20606408,0.25756028,0.33134583,0.36508486,0.384022,0.50040799,0.33227518
S07SNTL2_J.roemer._DWV6a2-0511_NPV.a_ASDFRa_AREF.txt,vegetation,0.20674016,0.23590879,0.28637725,0.36399615,0.39460793,0.41155139,0.56014037,0.41882741
S07SNTL2_Juniper_IH91-4B_BECKa_AREF.txt,vegetation,0.09321139,0.14731719,0.095526524,0.59736538,0.61034995,0.61500949,0.2199453,0.10095294
S07SNTL2_Lawn_Grass_GDS91_green_BECKa_AREF.txt,vegetation,0.044644471,0.090749301,0.041059934,0.68821192,0.70127821,0.70442069,0.3174676,0.15602949
S07SNTL2_LawnGrass_GDS91b_+1shft_3nm_BECKa_AREF.txt,vegetation,0.61654562,0.64122242,0.61272305,0.99521649,1.0021271,1.0033551,0.77713501,0.68074155
S07SNTL2_LawnGrass_GDS91b_+1shf-unshf_BECKa_AREF.txt,vegetation,1.0017438,0.99781525,0.99898368,1.0006003,0.99981022,0.99918866,1.0012227,0.99950176
S07SNTL2_LawnGrass_GDS91b_+const_1.0_BECKa_AREF.txt,vegetation,0.61545849,0.64262146,0.61334676,0.99462008,1.0023179,1.0041697,0.7761938,0.68108189
S07SNTL2_LawnGrass_GDS91b_-shiftd_3nm_BECKa_AREF.txt,vegetation,1.0444859,0.97845954,0.98707312,1.0026815,1.0007347,0.99922496,1.0072716,1.0000153
S07SNTL2_LawnGrass_GDS91b_shifted_3nm_BECKa_AREF.txt,vegetation,0.047003686,0.088909216,0.040512323,0.69005412,0.70178902,0.70387506,0.31971347,0.15601982
S07SNTL2_LeafySpurge_Spurge-A1-Jul98_ASDFRa_AREF.txt,vegetation,0.030153327,0.068327628,0.036010366,0.3882944,0.41437271,0.42950231,0.1739701,0.07670024
S07SNTL2_LeafySpurge_Spurge-A1-Jun98_ASDFRa_AREF.txt,vegetation,0.029534044,0.11787312,0.038327046,0.61578381,0.63436866,0.64639276,0.2132943,0.09691675
S07SNTL2_LeafySpurge_Spurge-A1-Oct97_ASDFRa_AREF.txt,vegetation,0.044010695,0.067881703,0.085648097,0.33087388,0.35234749,0.36453608,0.27572724,0.1455708
S07SNTL2_LeafySpurge_Spurge-A1-Sep97_ASDFRa_AREF.txt,vegetation,0.036833026,0.068481959,0.035995349,0.47824928,0.49436131,0.50423831,0.27504537,0.11792681
S07SNTL2_LeafySpurge_Spurge-A2-Jun98_ASDFRa_AREF.txt,vegetation,0.028869495,0.15420344,0.04821226,0.67475069,0.6967724,0.70883447,0.20665996,0.088572271
S07SNTL2_LeafySpurge_Spurge-B1-Jul98_ASDFRa_AREF.txt,vegetation,0.029164176,0.059628021,0.028853664,0.38038424,0.39458984,0.40350991,0.1732575,0.0719928
S07SNTL2_LeafySpurge_Spurge-B1-Oct97_ASDFRa_AREF.txt,vegetation,0.035665166,0.042860042,0.11680693,0.24594906,0.26527587,0.27561787,0.23871583,0.13444431
S07SNTL2_LeafySpurge_Spurge-B2-Jul98_ASDFRa_AREF.txt,vegetation,0.047363821,0.2123311,0.080326878,0.61826813,0.62994611,0.63791823,0.26768887,0.11663108
S07SNTL2_LeafySpurge_Spurge-B3-Jul98_ASDFRa_AREF.txt,vegetation,0.041235998,0.095222823,0.034948945,0.63262022,0.64745396,0.65749842,0.25742441,0.10214248
S07SNTL2_LeafySpurge_Spurge-C1-Oct97_ASDFRa_AREF.txt,vegetation,0.040619057,0.056298155,0.10794315,0.26952606,0.28741848,0.29702663,0.23953618,0.13030086
S07SNTL2_Lichen_Acarospora-1_ASDFRb_AREF.txt,vegetation,0.25341165,0.34171453,0.32869583,0.51698947,0.53136533,0.53975785,0.61901939,0.46861666
S07SNTL2_Lichen_Licedea-1_ASDFRb_AREF.txt,vegetation,0.12668861,0.15956123,0.16803063,0.23468222,0.29116574,0.3270503,0.71893108,0.55607283
S07SNTL2_Lichen_Licedea-2_ASDFRb_AREF.txt,vegetation,0.053549498,0.066004999,0.078933872,0.15887503,0.18732275,0.20397282,0.46685919,0.32085893
S07SNTL2_Lichen_Xanthoparmelia-1_ASDFRb_AREF.txt,vegetation,0.18807824,0.22280459,0.22820288,0.43294501,0.4681001,0.48769814,0.52613664,0.34955505
S07SNTL2_Lichen_Xanthoparmelia-2_ASDFRb_AREF.txt,vegetation,0.18253192,0.22812895,0.2060208,0.40256807,0.42149872,0.4317598,0.48646244,0.31524867
S07SNTL2_Lichen_Xanthoria-1_ASDFRb_AREF.txt,vegetation,0.027381495,0.096786186,0.26421502,0.47104871,0.49494955,0.50726271,0.5194158,0.36875257
S07SNTL2_Lodgepole-Pine_LP-Needles-1_ASDFRa_AREF.txt,vegetation,0.15103945,0.20288721,0.15637663,0.56247616,0.60111946,0.62352723,0.40600246,0.23186377
S07SNTL2_Lodgepole-Pine_LP-Needles-2_ASDFRa_AREF.txt,vegetation,0.081671551,0.12415119,0.24828801,0.45384863,0.52326381,0.55964363,0.42015806,0.21404305
S07SNTL2_Lodgepole-Pine_LP-Needles-3_ASDFRa_AREF.txt,vegetation,0.071358174,0.13900226,0.064777806,0.6650731,0.67858034,0.68676656,0.25833574,0.1118855
S07SNTL2_Lodgepole-Pine_YNP-LP_AVIRISb_RTGC.txt,vegetation,0.017920509,0.028440433,0.027071746,0.11212891,0.12026613,0.1251947,0.10952926,0.06852451
S07SNTL2_Lodgepole-Pine_YNP-LP0-MOD_AVIRISb_RTGC.txt,vegetation,0.044088531,0.058854368,0.058233503,0.17637534,0.18675382,0.1928717,0.18602616,0.14526783
S07SNTL2_Lodgepole-Pine_YNP-LP0-VIG_AVIRISb_RTGC.txt,vegetation,0.027355036,0.040880226,0.034607098,0.18901022,0.20101279,0.2079035,0.12438051,0.078056812
S07SNTL2_Lodgepole-Pine_YNP-LP1-A_AVIRISb_RTGC.txt,vegetation,0.020526472,0.032606337,0.029708266,0.13219813,0.14097086,0.14626727,0.11569338,0.072575852
S07SNTL2_Lodgepole-Pine_YNP-LP1-B_AVIRISb_RTGC.txt,vegetation,0.014128879,0.025429484,0.024909429,0.11716139,0.12527668,0.13023035,0.098519087,0.061180588
S07SNTL2_Lodgepole-Pine_YNP-LP1-C_AVIRISb_RTGC.txt,vegetation,0.013741395,0.025073897,0.020979205,0.12638348,0.13393174,0.13865852,0.079012662,0.045872908
S07SNTL2_Lodgepole-Pine_YNP-LP1-D_AVIRISb_RTGC.txt,vegetation,0.012547364,0.02492222,0.019973015,0.1232934,0.13031033,0.13479915,0.085378326,0.048338674
S07SNTL2_Lodgepole-Pine_YNP-LP2-A_AVIRISb_RTGC.txt,vegetation,0.015713869,0.026237344,0.023709759,0.11304018,0.12099319,0.12583755,0.094482452,0.057259589
S07SNTL2_Lodgepole-Pine_YNP-LP2-B_AVIRISb_RTGC.txt,vegetation,0.038589459,0.051165301,0.043845788,0.18867995,0.20009671,0.20718513,0.13725702,0.081136994
S07SNTL2_Lodgepole-Pine_YNP-LP3-A_AVIRISb_RTGC.txt,vegetation,0.017742297,0.029648297,0.023835214,0.13562138,0.14221244,0.14630182,0.089590557,0.052482881
S07SNTL2_Lodgepole-Pine_YNP-LP3-B_AVIRISb_RTGC.txt,vegetation,0.016162785,0.026127683,0.020920593,0.13948996,0.147165,0.15202294,0.078591444,0.04454387
S07SNTL2_Lythr.lineare_CRMS326v59_grn_ASDFRa_AREF.txt,vegetation,0.039589595,0.082605019,0.045869209,0.50868767,0.53723633,0.55556393,0.20840877,0.087221876
S07SNTL2_Manzanita_CA01-ARVI-1_bush_1_ASDFRa_AREF.txt,vegetation,0.040754836,0.06061317,0.066484302,0.2502436,0.27875042,0.29400402,0.11991779,0.054772783
S07SNTL2_Manzanita_CA01-ARVI-2_bush_2_ASDFRa_AREF.txt,vegetation,0.036712941,0.059088495,0.061433975,0.2498422,0.27806327,0.29327273,0.12364819,0.053253669
S07SNTL2_Manzanita_CA01-ARVI-3_bush_3_ASDFRa_AREF.txt,vegetation,0.037909176,0.056767613,0.059579484,0.26899797,0.29617983,0.31088746,0.11192924,0.050632667
S07SNTL2_Manzanita_CA01-ARVI-4_bush_4_ASDFRa_AREF.txt,vegetation,0.034397554,0.050665196,0.064277835,0.20812508,0.23768729,0.25376076,0.15519905,0.086765774
S07SNTL2_Manzanita_CA01-ARVI-5_bush_5_ASDFRa_AREF.txt,vegetation,0.041129619,0.067064755,0.064928979,0.27547982,0.30255818,0.31711432,0.12119606,0.056929894
S07SNTL2_Manzanita_CA01-ARVI-6_bush_6_ASDFRa_AREF.txt,vegetation,0.043657824,0.065022878,0.073575154,0.28012601,0.31059343,0.32705337,0.14062735,0.067226537
S07SNTL2_Manzanita_CA01-ARVI-7_leaves_ASDFRa_AREF.txt,vegetation,0.14356554,0.23871593,0.14641778,0.6186015,0.63076657,0.63751626,0.23367408,0.088087514
S07SNTL2_Maple_Leaves_DW92-1_BECKa_AREF.txt,vegetation,0.043131709,0.08916191,0.037580188,0.63610762,0.64159638,0.64551389,0.35981578,0.18033856
S07SNTL2_Marsh_DISP60%...._CRMS326v59_ASDFRa_AREF.txt,vegetation,0.028795443,0.05768523,0.04298272,0.27772662,0.29950294,0.31298369,0.1694954,0.078487933
S07SNTL2_Marsh_DISP65%...a_CRMS326v84_ASDFRa_AREF.txt,vegetation,0.074958965,0.13782196,0.082194827,0.52494502,0.53988129,0.54892474,0.29443592,0.15379085
S07SNTL2_Marsh_DISP80%..._CRMS326v64_ASDFRa_AREF.txt,vegetation,0.030747719,0.064258084,0.045716941,0.27633655,0.29853699,0.31166914,0.18804091,0.085233293
S07SNTL2_Marsh_PHAU_100%_DWO-3-DEL-2_ASDFRa_AREF.txt,vegetation,0.030727895,0.049977597,0.032530479,0.23645322,0.24795514,0.25719556,0.1236334,0.053291064
S07SNTL2_Marsh_SCAM42%...._CRMS326v50_ASDFRa_AREF.txt,vegetation,0.027955081,0.064387105,0.037637614,0.34299493,0.36492863,0.37910819,0.15981618,0.066309787
S07SNTL2_Marsh_SCAM45%..._CRMS121v28_ASDFRa_AREF.txt,vegetation,0.023522152,0.053352598,0.029581919,0.31324512,0.33038193,0.3398028,0.14461327,0.061810426
S07SNTL2_Marsh_SCAM50%...._CRMS326v48_ASDFRa_AREF.txt,vegetation,0.023240181,0.057290483,0.031806622,0.29658467,0.31677181,0.33057821,0.1516173,0.061040107
S07SNTL2_Marsh_SCAM50%..._CRMS121v32_ASDFRa_AREF.txt,vegetation,0.023571089,0.054525997,0.031412136,0.34094989,0.36304522,0.37625152,0.1494785,0.064908035
S07SNTL2_Marsh_SCAM60%...._CRMS326v71_ASDFRa_AREF.txt,vegetation,0.029618384,0.059483226,0.044690799,0.27986577,0.30208883,0.31567302,0.18233927,0.085749619
S07SNTL2_Marsh_SCAM66%..._CRMS121v38_ASDFRa_AREF.txt,vegetation,0.024949202,0.060129054,0.036453322,0.33909661,0.36382255,0.37672383,0.15697712,0.068113409
S07SNTL2_Marsh_SCAM71%..._CRMS121v49_ASDFRa_AREF.txt,vegetation,0.032568321,0.068035521,0.039254397,0.34427732,0.36064693,0.3706513,0.14794229,0.066186406
S07SNTL2_Marsh_SCAM72%..._CRMS121v33_ASDFRa_AREF.txt,vegetation,0.02573574,0.059257705,0.032800749,0.34143972,0.36095884,0.37242132,0.144513,0.060664639
S07SNTL2_Marsh_SCAM77%..._CRMS121v34_ASDFRa_AREF.txt,vegetation,0.022928204,0.048495401,0.030703122,0.26168141,0.27940941,0.28922307,0.13241999,0.059834693
S07SNTL2_Marsh_SCAM81%..._CRMS121v37_ASDFRa_AREF.txt,vegetation,0.031075953,0.073539101,0.038402926,0.35947502,0.37868428,0.38859591,0.16618484,0.074512027
S07SNTL2_Marsh_SCAM-DISP..CRMS326v48a_ASDFRa_AREF.txt,vegetation,0.023752563,0.051008653,0.034566145,0.26002949,0.27928334,0.29269513,0.15111727,0.065166786
S07SNTL2_Marsh_SCAM-DISP..CRMS326v50a_ASDFRa_AREF.txt,vegetation,0.024607498,0.055168875,0.034803741,0.28833598,0.30938616,0.32354063,0.158443,0.066523351
S07SNTL2_Marsh_SCAM-DISP..CRMS326v71a_ASDFRa_AREF.txt,vegetation,0.028473593,0.05854091,0.041998837,0.289015,0.31145793,0.32518819,0.17655861,0.079605862
S07SNTL2_Marsh_sediment_DWV3-0511_dry_ASDFRa_AREF.txt,vegetation,0.12568019,0.15150619,0.17612149,0.2126817,0.22441511,0.23020934,0.32038826,0.29333732
S07SNTL2_Marsh_SPAL50%..._CRMS322v52_ASDFRa_AREF.txt,vegetation,0.030333595,0.051617011,0.052006874,0.19361442,0.21075401,0.2199792,0.16262676,0.087463088
S07SNTL2_Marsh_SPAL50%...a_CRMS322v52_ASDFRa_AREF.txt,vegetation,0.10310988,0.18178827,0.1191427,0.6401903,0.65933859,0.67029923,0.33714715,0.17286415
S07SNTL2_Marsh_SPAL55%...a_CRMS322v25_ASDFRa_AREF.txt,vegetation,0.096032366,0.16622958,0.12782924,0.54371947,0.56849092,0.58256376,0.36852783,0.19218013
S07SNTL2_Marsh_SPAL60%...a_CRMS322v55_ASDFRa_AREF.txt,vegetation,0.094167881,0.16786005,0.11417742,0.57973748,0.60514194,0.61945087,0.34441555,0.17235512
S07SNTL2_Marsh_SPAL70%...a_CRMS322v16_ASDFRa_AREF.txt,vegetation,0.089228027,0.15631688,0.13119976,0.47220021,0.49271595,0.50422359,0.36420783,0.19662379
S07SNTL2_Marsh_SPAL70%...a_CRMS322v79_ASDFRa_AREF.txt,vegetation,0.10061675,0.17054603,0.11787784,0.57707709,0.59906501,0.61132032,0.34341472,0.18202721
S07SNTL2_Marsh_SPAL77%..._CRMS322v83_ASDFRa_AREF.txt,vegetation,0.025513399,0.047879659,0.038301799,0.18853024,0.2000701,0.20743831,0.12577942,0.063270934
S07SNTL2_Marsh_SPAL80%...a_CRMS322v06_ASDFRa_AREF.txt,vegetation,0.085011221,0.14919733,0.10994504,0.54648125,0.56791693,0.5799585,0.33355704,0.16536774
S07SNTL2_Marsh_SPAL92%...a_CRMS322v78_ASDFRa_AREF.txt,vegetation,0.096253067,0.16938213,0.13829723,0.60310137,0.62739992,0.64081061,0.3482188,0.17937912
S07SNTL2_Marsh_SPAL95%...a_CRMS322v68_ASDFRa_AREF.txt,vegetation,0.10281652,0.18604282,0.11164273,0.60534072,0.6257863,0.637371,0.3395144,0.16799767
S07SNTL2_Marsh_SPPA35%...a_CRMS326v81_ASDFRa_AREF.txt,vegetation,0.081443474,0.14799218,0.099665567,0.52193922,0.54105473,0.55170906,0.3312096,0.17965722
S07SNTL2_Marsh_SPPA49%...a_CRMS326v06_ASDFRa_AREF.txt,vegetation,0.069131263,0.1189009,0.096976824,0.35900584,0.37568024,0.38480729,0.24732766,0.13920815
S07SNTL2_Marsh_SPPA55%...a_CRMS326v02_ASDFRa_AREF.txt,vegetation,0.082919888,0.14202963,0.11530574,0.48468068,0.50639868,0.51853842,0.33697137,0.19329093
S07SNTL2_Marsh_SPPA67%...a_CRMS326v10_ASDFRa_AREF.txt,vegetation,0.087887391,0.16037326,0.12083694,0.53179508,0.55430186,0.56682128,0.34749722,0.18787077
S07SNTL2_Marsh_water_CRMS121v69-glint_ASDFRa_AREF.txt,vegetation,0.10174035,0.11017319,0.11374985,0.11484739,0.11418357,0.11081927,0.082537092,0.094999522
S07SNTL2_Marsh_water_CRMS322v84a_sunl_ASDFRa_AREF.txt,vegetation,0.021577742,0.03177252,0.032663703,0.045328438,0.04070545,0.034974948,0.012815987,0.009165158
S07SNTL2_Marsh_water40%..._CRMS121v69_ASDFRa_AREF.txt,vegetation,0.017459707,0.037812263,0.024149397,0.23266283,0.24257469,0.24901097,0.088042982,0.037589464
S07SNTL2_Marsh_water55%..._CRMS121v47_ASDFRa_AREF.txt,vegetation,0.022168519,0.039048571,0.032616489,0.14225456,0.15179096,0.15711726,0.082141124,0.043958709
S07SNTL2_Marsh_water75%..._CRMS322v84_ASDFRa_AREF.txt,vegetation,0.026760595,0.038196601,0.038207963,0.10680512,0.11385695,0.11713801,0.094874144,0.052902829
S07SNTL2_Marsh_water80%..._CRMS121v23_ASDFRa_AREF.txt,vegetation,0.025290899,0.045329206,0.030113604,0.19374382,0.20128481,0.20554374,0.079736702,0.032918833
S07SNTL2_Marsh_wrack_DWV1-0511_NPV.a_ASDFRa_AREF.txt,vegetation,0.16573559,0.21097678,0.30185515,0.42297098,0.46757385,0.49160635,0.60192353,0.43946576
S07SNTL2_Marsh_wrack_DWV3-0511_dryNPV_ASDFRa_AREF.txt,vegetation,0.073128141,0.09457662,0.13472846,0.19328772,0.2165876,0.229875,0.3419334,0.24655899
S07SNTL2_MarshWater_CRMS121v69-NoGlnt_ASDFRa_AREF.txt,vegetation,0.027731098,0.032522045,0.032489918,0.02898274,0.026117353,0.022278713,0.010970473,0.007268746
S07SNTL2_Oak_Oak-Leaf-1_fresh_ASDFRa_AREF.txt,vegetation,0.10370035,0.16676715,0.10030553,0.82867104,0.84738046,0.85804379,0.45291591,0.23286138
S07SNTL2_Oak_Oak-Leaf-2_dried_ASDFRa_AREF.txt,vegetation,0.12270812,0.19199131,0.11996266,0.652183,0.68053365,0.69736564,0.57313037,0.33471942
S07SNTL2_Oak_QUDU_CA01-QUDU-1_bush_1_ASDFRa_AREF.txt,vegetation,0.023649747,0.044860903,0.034360707,0.28947845,0.31263626,0.32582444,0.17204639,0.071294203
S07SNTL2_Oak_QUDU_CA01-QUDU-2_bush_2_ASDFRa_AREF.txt,vegetation,0.025974324,0.046899077,0.0357088,0.31234503,0.33941007,0.35499167,0.16175443,0.065751173
S07SNTL2_Oak_QUDU_CA01-QUDU-3_bush_3_ASDFRa_AREF.txt,vegetation,0.02832048,0.051817413,0.045784928,0.28666693,0.31363147,0.32826877,0.18761478,0.084145315
S07SNTL2_P.aus._DWO-3-DEL-2d_dryNPV.a_ASDFRa_AREF.txt,vegetation,0.21794689,0.27672291,0.41837937,0.6055212,0.67689669,0.71594769,0.78079623,0.57452428
S07SNTL2_P.austr._DWO-3-DEL-2a_stems_ASDFRa_AREF.txt,vegetation,0.097560219,0.12750645,0.18203193,0.27162936,0.30710775,0.32710406,0.39997408,0.27410448
S07SNTL2_P.austr._DWO-3-DEL-2b_grn.a_ASDFRa_AREF.txt,vegetation,0.20407575,0.26161024,0.17038123,0.82247359,0.84083819,0.85261172,0.4480086,0.20904276
S07SNTL2_P.austr._DWO-3-DEL-2c_stem.a_ASDFRa_AREF.txt,vegetation,0.20921925,0.28686693,0.42933509,0.57903183,0.63128376,0.65971655,0.59866762,0.39917329
S07SNTL2_Pinon_Pine_ANP92-14A_needle_BECKa_AREF.txt,vegetation,0.057529092,0.098943122,0.053953145,0.54111981,0.55217361,0.55636668,0.17622378,0.073205292
S07SNTL2_Rabbitbrush_ANP92-27_BECKa_AREF.txt,vegetation,0.12124182,0.17784302,0.12766546,0.49429289,0.5169701,0.52417409,0.26270154,0.1363972
S07SNTL2_Rangeland_C03-004_S08%_G27%_ASDFRa_AREF.txt,vegetation,0.060645148,0.082155921,0.099563576,0.20122781,0.21373026,0.22091442,0.22941434,0.17555159
S07SNTL2_Rangeland_C03-005_S25%_G24%_ASDFRa_AREF.txt,vegetation,0.075985536,0.095344625,0.11520484,0.16588637,0.17402689,0.17855795,0.23558167,0.20788865
S07SNTL2_Rangeland_C03-006_S01%_G39%_ASDFRa_AREF.txt,vegetation,0.077140063,0.09948089,0.13254216,0.18663235,0.19686085,0.20234017,0.26130378,0.22969373
S07SNTL2_Rangeland_C03-010_S12%_G15%_ASDFRa_AREF.txt,vegetation,0.073919155,0.095179036,0.1193104,0.1887008,0.20067483,0.20717715,0.26935565,0.23468089
S07SNTL2_Rangeland_C03-013_S06%_G08%_ASDFRa_AREF.txt,vegetation,0.076867454,0.10044444,0.13236089,0.20904906,0.22577418,0.23490094,0.31327114,0.27452731
S07SNTL2_Rangeland_C03-014_S26%_G25%_ASDFRa_AREF.txt,vegetation,0.071407728,0.091910265,0.10827368,0.2056895,0.21797609,0.22474532,0.25705174,0.20205615
S07SNTL2_Rangeland_C03-017_S20%_G19%_ASDFRa_AREF.txt,vegetation,0.059927445,0.081148207,0.097388797,0.19770026,0.21182236,0.21997346,0.24810073,0.20862378
S07SNTL2_Rangeland_C03-019_S20%_G14%_ASDFRa_AREF.txt,vegetation,0.068302207,0.087247863,0.10663041,0.17643565,0.18514508,0.18995149,0.23318903,0.1893533
S07SNTL2_Rangeland_C03-021_S11%_G07%_ASDFRa_AREF.txt,vegetation,0.056623962,0.076784343,0.10050867,0.17510243,0.18877754,0.19640858,0.25976217,0.21763726
S07SNTL2_Rangeland_C03-022_S12%_G22%_ASDFRa_AREF.txt,vegetation,0.083295763,0.10666974,0.12634452,0.21304634,0.22509524,0.23172723,0.29471442,0.24636532
S07SNTL2_Rangeland_C03-027_S27%_G19%_ASDFRa_AREF.txt,vegetation,0.07760147,0.098652706,0.11383598,0.20302458,0.21441503,0.2207759,0.2517072,0.20577474
S07SNTL2_Rangeland_C03-031_S15%_G14%_ASDFRa_AREF.txt,vegetation,0.065056622,0.084913589,0.099762827,0.18285379,0.19371697,0.19981906,0.23340189,0.19397143
S07SNTL2_Rangeland_C03-032_S34%_G15%_ASDFRa_AREF.txt,vegetation,0.053804033,0.068864867,0.073366821,0.15792502,0.16836141,0.17437583,0.20692153,0.15428589
S07SNTL2_Rangeland_C03-037_S37%_G13%_ASDFRa_AREF.txt,vegetation,0.068940982,0.087733693,0.10042629,0.19464985,0.20598751,0.21238281,0.24102612,0.18997321
S07SNTL2_Rangeland_C03-041_S15%_G06%_ASDFRa_AREF.txt,vegetation,0.10636415,0.12833697,0.15195271,0.21164842,0.22357775,0.23005331,0.31586742,0.27136555
S07SNTL2_Rangeland_C03-047_S09%_G12%_ASDFRa_AREF.txt,vegetation,0.063815333,0.086469263,0.1020417,0.22239265,0.23850873,0.24758835,0.28245631,0.22897345
S07SNTL2_Rangeland_C03-050_S18%_G12%_ASDFRa_AREF.txt,vegetation,0.086768247,0.11148316,0.14017524,0.20484915,0.21482781,0.22017376,0.26263094,0.22624333
S07SNTL2_Rangeland_C03-052_S22%_G24%_ASDFRa_AREF.txt,vegetation,0.072248615,0.092667006,0.1089853,0.17517424,0.18382847,0.18879834,0.22783969,0.18613705
S07SNTL2_Rangeland_C03-066_S11%_G17%_ASDFRa_AREF.txt,vegetation,0.051771797,0.066345602,0.07663928,0.15914939,0.17305544,0.18105765,0.27543953,0.2102883
S07SNTL2_Rangeland_C03-068_S05%_G43%_ASDFRa_AREF.txt,vegetation,0.06087802,0.082190968,0.10804734,0.2260962,0.24200512,0.25084838,0.26079288,0.20169477
S07SNTL2_Rangeland_C03-070_S02%_G31%_ASDFRa_AREF.txt,vegetation,0.059201345,0.0795535,0.090290196,0.19779669,0.20986931,0.21668883,0.24889606,0.1917685
S07SNTL2_Rangeland_C03-073_S30%_G24%_ASDFRa_AREF.txt,vegetation,0.069855668,0.089343265,0.1017787,0.1975439,0.20912962,0.21570693,0.24757817,0.19138262
S07SNTL2_Rangeland_C03-074_S24%_G16%_ASDFRa_AREF.txt,vegetation,0.070789374,0.090579711,0.10298248,0.19118807,0.20235883,0.20864762,0.24249926,0.19835941
S07SNTL2_Rangeland_C03-076_S13%_G13%_ASDFRa_AREF.txt,vegetation,0.089426465,0.11474297,0.14724784,0.21022783,0.22252576,0.2293063,0.30648118,0.26360884
S07SNTL2_Rangeland_C03-077_S09%_G10%_ASDFRa_AREF.txt,vegetation,0.051771797,0.066345602,0.07663928,0.15914939,0.17305544,0.18105765,0.27543953,0.2102883
S07SNTL2_Rangeland_C03-080_S18%_G15%_ASDFRa_AREF.txt,vegetation,0.053814746,0.073918998,0.082463242,0.19203649,0.20479207,0.21207239,0.23219252,0.18400514
S07SNTL2_Rangeland_C03-081_S07%_G23%_ASDFRa_AREF.txt,vegetation,0.066313304,0.087206475,0.11042651,0.21253537,0.22755983,0.23603445,0.27546322,0.23011529
S07SNTL2_Rangeland_C03-085_S06%_G24%_ASDFRa_AREF.txt,vegetation,0.075562529,0.098891892,0.12495692,0.21583126,0.22970356,0.23733249,0.28848034,0.2516484
S07SNTL2_Rangeland_C03-086_S29%_G13%_ASDFRa_AREF.txt,vegetation,0.067859463,0.085976034,0.10426209,0.16424426,0.17300591,0.17785628,0.22730184,0.19268222
S07SNTL2_Rangeland_C03-089_S20%_G21%_ASDFRa_AREF.txt,vegetation,0.078939676,0.10334975,0.12192948,0.23022938,0.24457149,0.25239819,0.29549721,0.23860927
S07SNTL2_Rangeland_C03-090_S14%_G31%_ASDFRa_AREF.txt,vegetation,0.068985865,0.089587577,0.11358279,0.21151489,0.2267476,0.23517306,0.27921492,0.22141746
S07SNTL2_Rangeland_C03-091_S30%_G17%_ASDFRa_AREF.txt,vegetation,0.066208579,0.082446232,0.094653413,0.16646305,0.17690888,0.18277885,0.23876117,0.1912531
S07SNTL2_Rangeland_C03-095_S09%_G08%_ASDFRa_AREF.txt,vegetation,0.07030867,0.091671102,0.11490166,0.18335545,0.19452477,0.20093527,0.25800198,0.21842943
S07SNTL2_Rangeland_C03-097_S07%_G21%_ASDFRa_AREF.txt,vegetation,0.069963589,0.091545187,0.1144304,0.21241987,0.22796717,0.2366617,0.3010788,0.25905725
S07SNTL2_Rangeland_C04-151_S29%_G05%_ASDFRa_AREF.txt,vegetation,0.067350373,0.084814437,0.097144425,0.16102517,0.17100525,0.17662168,0.23524711,0.19339052
S07SNTL2_Rangeland_C04-153_S12%_G16%_ASDFRa_AREF.txt,vegetation,0.064329229,0.085042916,0.099458233,0.20210122,0.21456435,0.22132556,0.25762087,0.21351375
S07SNTL2_Rangeland_C04-154_S12%_G10%_ASDFRa_AREF.txt,vegetation,0.078419305,0.10095344,0.11860301,0.19678472,0.20781572,0.21379116,0.27128831,0.22906461
S07SNTL2_Rangeland_C04-155A_S03%_G38%_ASDFRa_AREF.txt,vegetation,0.066345982,0.088574708,0.10786324,0.2149903,0.22809985,0.23523997,0.26075989,0.21294777
S07SNTL2_Rangeland_C04-166_S09%_G10%_ASDFRa_AREF.txt,vegetation,0.070311457,0.090024129,0.1167447,0.17160346,0.18186569,0.18749492,0.25624469,0.23246244
S07SNTL2_Rangeland_C04-170_S30%_G24%_ASDFRa_AREF.txt,vegetation,0.052864991,0.07284382,0.069509193,0.21716112,0.22728342,0.23285221,0.20419867,0.14498603
S07SNTL2_Rangeland_C04-175_S06%_G23%_ASDFRa_AREF.txt,vegetation,0.068362378,0.090044476,0.11482565,0.20634851,0.22004043,0.22753412,0.27415344,0.23246637
S07SNTL2_Rangeland_C04-197_S17%_G15%_ASDFRa_AREF.txt,vegetation,0.068285845,0.086559691,0.10076126,0.16976921,0.17892012,0.18397138,0.22997643,0.1915642
S07SNTL2_Rangeland_C04-200_S03%_G17%_ASDFRa_AREF.txt,vegetation,0.065921918,0.087006085,0.10876757,0.19019477,0.20027307,0.20595117,0.2391234,0.20601234
S07SNTL2_Rangeland_C04-203_S21%_G07%_ASDFRa_AREF.txt,vegetation,0.086586617,0.10803824,0.12498597,0.20047161,0.21233013,0.21887641,0.27789918,0.2218326
S07SNTL2_Rangeland_C04-204_S24%_G06%_ASDFRa_AREF.txt,vegetation,0.060259171,0.076574713,0.083370782,0.17225982,0.18225591,0.18774156,0.21423686,0.16739176
S07SNTL2_Rangeland_C04-208_S15%_G20%_ASDFRa_AREF.txt,vegetation,0.071974419,0.092350438,0.1030442,0.19156399,0.20116302,0.20649335,0.24403892,0.2003985
S07SNTL2_Rangeland_C04-209A_S17%_G04%_ASDFRa_AREF.txt,vegetation,0.068058662,0.089369483,0.10643932,0.18799233,0.19905058,0.20512453,0.25382486,0.20848049
S07SNTL2_Rangeland_C04-211_S03%_G16%_ASDFRa_AREF.txt,vegetation,0.088559337,0.11339573,0.14504367,0.21587007,0.22795914,0.23460054,0.29875994,0.2680409
S07SNTL2_Rangeland_C04-214_S03%_G17%_ASDFRa_AREF.txt,vegetation,0.064771347,0.086324856,0.10411639,0.22817643,0.242853,0.25095722,0.2761803,0.22659615
S07SNTL2_Rangeland_C04-226_S05%_G25%_ASDFRa_AREF.txt,vegetation,0.062182508,0.082040548,0.095865779,0.20174822,0.21606956,0.22401471,0.2817865,0.23353958
S07SNTL2_Rangeland_C04-232_S23%_G13%_ASDFRa_AREF.txt,vegetation,0.05536909,0.073404737,0.07576137,0.18826316,0.19748937,0.2025996,0.20162411,0.15296786
S07SNTL2_Rangeland_C04-233_S16%_G06%_ASDFRa_AREF.txt,vegetation,0.060139861,0.083417326,0.09729252,0.20525193,0.21887772,0.2266196,0.25901276,0.21616977
S07SNTL2_Rangeland_C04-236_S20%_G18%_ASDFRa_AREF.txt,vegetation,0.05778325,0.076513745,0.084563568,0.18946004,0.20008826,0.2058603,0.21934502,0.17356254
S07SNTL2_Rangeland_C04-237_S05%_G25%_ASDFRa_AREF.txt,vegetation,0.068445459,0.093433261,0.11547924,0.23374701,0.24786057,0.25549147,0.28271875,0.22842962
S07SNTL2_Rangeland_C04-243A_S05%G02%_ASDFRa_AREF.txt,vegetation,0.06735564,0.092463963,0.11061335,0.22011818,0.23345411,0.24061981,0.26260731,0.21707998
S07SNTL2_Rangeland_C04-251_S17%_G07%_ASDFRa_AREF.txt,vegetation,0.06782531,0.08892218,0.10644556,0.19065486,0.20143709,0.20723999,0.24700435,0.20387033
S07SNTL2_Rangeland_C04-252_S08%_G05%_ASDFRa_AREF.txt,vegetation,0.066071853,0.089876704,0.11228151,0.20007864,0.21261579,0.21976285,0.26246122,0.21909934
S07SNTL2_Rangeland_C04-253_S27%_G21%_ASDFRa_AREF.txt,vegetation,0.060858775,0.079557002,0.082489103,0.19365546,0.2029328,0.20804873,0.22513963,0.17076185
S07SNTL2_Rangeland_C04-264_S09%_G18%_ASDFRa_AREF.txt,vegetation,0.071808673,0.092586018,0.11105489,0.19261636,0.20366248,0.21002775,0.24420138,0.20787157
S07SNTL2_Rangeland_C04-272_S04%_G36%_ASDFRa_AREF.txt,vegetation,0.061767686,0.084988557,0.10303411,0.23805752,0.25488693,0.2642428,0.28765255,0.22110793
S07SNTL2_Rangeland_C04-273_S25%_G08%_ASDFRa_AREF.txt,vegetation,0.063244373,0.079891533,0.09019883,0.16550259,0.17500271,0.1803778,0.21549313,0.17397417
S07SNTL2_Rangeland_C04-288_S19%_G34%_ASDFRa_AREF.txt,vegetation,0.051045973,0.068274863,0.071256042,0.17808808,0.18789536,0.19332002,0.20096318,0.14916672
S07SNTL2_Rangeland_C04-295_S17%_G17%_ASDFRa_AREF.txt,vegetation,0.063870341,0.081936188,0.09297929,0.17792863,0.18964671,0.1960832,0.24802782,0.20039998
S07SNTL2_Rangeland_L02-005_S14%_G16%_ASDFRa_AREF.txt,vegetation,0.085630618,0.10573947,0.12294768,0.1844199,0.19543536,0.20154397,0.2906372,0.22536704
S07SNTL2_Rangeland_L02-013_S00%_G31%_ASDFRa_AREF.txt,vegetation,0.055051126,0.069587596,0.08724948,0.13300592,0.14603537,0.15339248,0.28823823,0.26583019
S07SNTL2_Rangeland_L02-015_S01%_G35%_ASDFRa_AREF.txt,vegetation,0.077439465,0.10132981,0.123712,0.20001695,0.21387851,0.22150499,0.29472318,0.22870541
S07SNTL2_Rangeland_L02-019_S01%_G06%_ASDFRa_AREF.txt,vegetation,0.10570125,0.13793127,0.16282572,0.23162192,0.24488755,0.25198355,0.36586618,0.2896679
S07SNTL2_Rangeland_L02-022_S20%_G09%_ASDFRa_AREF.txt,vegetation,0.070644274,0.088986486,0.10389224,0.16242625,0.17330289,0.17933309,0.26196277,0.20113719
S07SNTL2_Rangeland_L02-023_S01%_G56%_ASDFRa_AREF.txt,vegetation,0.077875517,0.10273789,0.12772162,0.20383419,0.22051315,0.23026615,0.31407863,0.23370506
S07SNTL2_Rangeland_L02-025_S00%_G21%_ASDFRa_AREF.txt,vegetation,0.06338165,0.083635822,0.10971965,0.17478143,0.19206536,0.20176311,0.31317943,0.24628174
S07SNTL2_Rangeland_L02-042_S01%_G57%_ASDFRa_AREF.txt,vegetation,0.10318685,0.13054584,0.16462566,0.22102213,0.23614547,0.24458309,0.35954857,0.28304166
S07SNTL2_Rangeland_L02-043_S01%_G07%_ASDFRa_AREF.txt,vegetation,0.13059953,0.18187661,0.24874525,0.31773216,0.32611942,0.32998949,0.45200816,0.37782139
S07SNTL2_Rangeland_L02-045_S01%_G04%_ASDFRa_AREF.txt,vegetation,0.1217554,0.16208625,0.19641955,0.26514989,0.27554056,0.28106153,0.34750831,0.27821475
S07SNTL2_Rangeland_L02-046_S16%_G20%_ASDFRa_AREF.txt,vegetation,0.08856979,0.10873614,0.12842013,0.19437085,0.21083644,0.22003025,0.34636235,0.26277593
S07SNTL2_Rangeland_L02-054_S00%_G21%_ASDFRa_AREF.txt,vegetation,0.067613259,0.088294275,0.10986634,0.18764639,0.20373221,0.21289195,0.28838569,0.20936361
S07SNTL2_Rangeland_L02-057_S01%_G47%_ASDFRa_AREF.txt,vegetation,0.04229299,0.057291653,0.070376076,0.1355202,0.14835994,0.15559129,0.21451527,0.15130824
S07SNTL2_Rangeland_L02-058_S00%_G25%_ASDFRa_AREF.txt,vegetation,0.075141273,0.096879102,0.12436856,0.20179054,0.22044249,0.23089504,0.32935783,0.24543336
S07SNTL2_Rangeland_L02-060_S00%_G13%_ASDFRa_AREF.txt,vegetation,0.084600635,0.11159938,0.13796246,0.19507611,0.20679498,0.21320651,0.3105056,0.24898869
S07SNTL2_Rangeland_L02-061_S00%_G06%_ASDFRa_AREF.txt,vegetation,0.042389307,0.053416479,0.067295887,0.11191649,0.12460217,0.13182393,0.28487641,0.28684253
S07SNTL2_Rangeland_L02-068A_S00%_G38%_ASDFRa_AREF.txt,vegetation,0.076486044,0.098084651,0.12734294,0.18406095,0.20119946,0.2108366,0.33906528,0.28760657
S07SNTL2_Rangeland_L02-069_S00%_G99%_ASDFRa_AREF.txt,vegetation,0.045169599,0.063730046,0.068722092,0.17163052,0.18608001,0.19437344,0.20750736,0.12447985
S07SNTL2_Rangeland_L02-077_S00%_G28%_ASDFRa_AREF.txt,vegetation,0.067166969,0.08615803,0.10833654,0.17499228,0.19132094,0.20076171,0.30384713,0.24747403
S07SNTL2_Rangeland_L04-035_S03%_G54%_ASDFRa_AREF.txt,vegetation,0.071371324,0.09304738,0.1034327,0.17854384,0.18962109,0.19596589,0.24132104,0.17111392
S07SNTL2_Rangeland_L04-047_S00%_G47%_ASDFRa_AREF.txt,vegetation,0.035316631,0.05679417,0.04583073,0.22816458,0.23945187,0.24545868,0.13835256,0.074719757
S07SNTL2_Rangeland_L04-058_S34%_G25%_ASDFRa_AREF.txt,vegetation,0.064323805,0.082451493,0.088282786,0.16483888,0.1758135,0.18192254,0.25684953,0.19127685
S07SNTL2_Rangeland_L04-072_S30%_G21%_ASDFRa_AREF.txt,vegetation,0.056671038,0.075778909,0.078043692,0.15637814,0.16586274,0.1708795,0.20404139,0.14053878
S07SNTL2_Rangeland_L04-075A_S00%_G49%_ASDFRa_AREF.txt,vegetation,0.072868429,0.097238064,0.10569759,0.19444941,0.20501755,0.21085779,0.2647416,0.18533416
S07SNTL2_Rangeland_L04-091_S10%_G11%_ASDFRa_AREF.txt,vegetation,0.097141325,0.12353309,0.13558029,0.24117202,0.25610298,0.26412982,0.31286719,0.24349201
S07SNTL2_Rangeland_L04-095_S01%_G51%_ASDFRa_AREF.txt,vegetation,0.057848785,0.082881413,0.082082905,0.2257892,0.23974118,0.24759823,0.26117575,0.15927674
S07SNTL2_Rangeland_L04-096_S00%_G45%_ASDFRa_AREF.txt,vegetation,0.060491003,0.08035408,0.091611475,0.17651066,0.19061136,0.19853538,0.27290526,0.19442943
S07SNTL2_Russian_Olive_DW92-4_BECKa_AREF.txt,vegetation,0.11007645,0.14981173,0.10952879,0.70421278,0.71252108,0.71852046,0.38885882,0.21593583
S07SNTL2_S.altern._DWV1-0511_NPV.a_ASDFRa_AREF.txt,vegetation,0.14522575,0.17431864,0.23783128,0.33339083,0.3731679,0.3952018,0.60566276,0.43492261
S07SNTL2_S.altern._DWV6a2-0511_stem.a_ASDFRa_AREF.txt,vegetation,0.14951615,0.19317769,0.27890134,0.3868773,0.43036574,0.45430377,0.54501861,0.3238512
S07SNTL2_S.altern._DWV6a4-0511_gray.a_ASDFRa_AREF.txt,vegetation,0.11594874,0.13192835,0.15971214,0.21366687,0.24144197,0.25733379,0.47649053,0.41297421
S07SNTL2_S.altern._DWV6b3-0511_NPV.a_ASDFRa_AREF.txt,vegetation,0.15558903,0.22158065,0.33444798,0.42605925,0.4540273,0.46913555,0.4880338,0.30940494
S07SNTL2_S.alternif._CRMS322v06_grn.a_ASDFRa_AREF.txt,vegetation,0.090692393,0.17399499,0.074885964,0.69366688,0.70354384,0.70893812,0.24879745,0.10128623
S07SNTL2_S.alterniflora_CRMS322_NPV_ASDFRa_AREF.txt,vegetation,0.17784983,0.23431261,0.34957731,0.48030579,0.5252105,0.54921913,0.65635777,0.45583898
S07SNTL2_S.america._CRMS121v38_yellow_ASDFRa_AREF.txt,vegetation,0.053000752,0.090509601,0.10318249,0.26340261,0.29471484,0.31078485,0.26912281,0.15842612
S07SNTL2_S.americanus_CRMS326v06_gr.a_ASDFRa_AREF.txt,vegetation,0.040726162,0.095658846,0.035435893,0.45738837,0.46210372,0.46578223,0.17009096,0.072470255
S07SNTL2_Sagebrush_IH91-1B_BECKa_AREF.txt,vegetation,0.19083776,0.24775326,0.24081972,0.54359728,0.56429082,0.57507169,0.37856585,0.24687482
S07SNTL2_Sagebrush_Sage-Leaves-1_dry_ASDFRa_AREF.txt,vegetation,0.24334751,0.30514574,0.271301,0.62560666,0.65280551,0.6682713,0.4926807,0.30178726
S07SNTL2_Sagebrush_YNP-SS-1_AVIRISb_RTGC.txt,vegetation,0.090799339,0.10840318,0.13279286,0.20282127,0.22024132,0.230213,0.35198963,0.27371106
S07SNTL2_Sagebrush_YNP-SS-2_AVIRISb_RTGC.txt,vegetation,0.091508344,0.11063851,0.12957089,0.20743486,0.22218566,0.23021059,0.30033267,0.23610023
S07SNTL2_Sagebrush_YNP-SS-3_AVIRISb_RTGC.txt,vegetation,0.057578061,0.078630805,0.087090597,0.21669458,0.23380789,0.24380411,0.25102302,0.17061974
S07SNTL2_Sagebrush_YNP-SS-4_AVIRISb_RTGC.txt,vegetation,0.0429614,0.063695282,0.069345906,0.21894391,0.2384738,0.24990523,0.21169506,0.12459854
S07SNTL2_Saltbrush_ANP92-31A_BECKa_AREF.txt,vegetation,0.19869074,0.28177369,0.25395811,0.63744634,0.64600706,0.65110379,0.26159015,0.12632155
S07SNTL2_Sedge_YNP-SE-1_AVIRISb_RTGC.txt,vegetation,0.045528077,0.077212967,0.062644728,0.31796294,0.34694266,0.36377376,0.24141197,0.12938417
S07SNTL2_Spar.patens_CRMS322v06_grn.a_ASDFRa_AREF.txt,vegetation,0.091143169,0.20094182,0.098500334,0.63519347,0.65442407,0.66500109,0.33944455,0.16039447
S07SNTL2_Stonwll_Ply+.1grnGrass_AMX33_BECKa_AREF.txt,vegetation,0.24486054,0.33783737,0.41924727,0.52268267,0.52382326,0.52284163,0.50745028,0.43347791
S07SNTL2_Stonwll_Ply+.2grnGrass_AMX34_BECKa_AREF.txt,vegetation,0.22261429,0.31038308,0.37722653,0.54107487,0.5435406,0.54301691,0.48634094,0.40265042
S07SNTL2_Toyon_CA01-HEAR-1_bush_ASDFRa_AREF.txt,vegetation,0.03203107,0.063067704,0.050004084,0.34552351,0.36781186,0.3799777,0.15460591,0.06557595
S07SNTL2_Tumbleweed_ANP92-2C_Dry_BECKa_AREF.txt,vegetation,0.10988593,0.15697037,0.24304122,0.3208085,0.34588993,0.3596651,0.33728898,0.20932254
S07SNTL2_Walnut_Leaf_SUN_(Green)_BECKa_AREF.txt,vegetation,0.079292953,0.15558328,0.078582667,0.53099793,0.53515303,0.53739244,0.33899876,0.17805207
S07SNTL2_Wetland_YNP-WT-1_AVIRISb_RTGC.txt,vegetation,0.041497037,0.084445454,0.048980799,0.33471265,0.3407079,0.34214166,0.15355673,0.077558227
S07SNTL2_Wetland_YNP-WT-2_AVIRISb_RTGC.txt,vegetation,0.039655991,0.066666283,0.047004759,0.36602175,0.39478448,0.41176817,0.2091289,0.10321452
S07SNTL2_WhitebarkPine_YNP-WB-1_frst_AVIRISb_RTGC.txt,vegetation,0.018278638,0.02930437,0.023655588,0.12938468,0.13701898,0.14179209,0.08515621,0.051277723
S07SNTL2_WhitebarkPine_YNP-WB-2_frst_AVIRISb_RTGC.txt,vegetation,0.029603299,0.041781478,0.029358516,0.17673062,0.1842089,0.18914784,0.091433182,0.051620468
S07SNTL2_Willow_Dead_FluvTailSite_A_ASDFRa_AREF.txt,vegetation,0.089326151,0.129656,0.224029,0.34204501,0.38935316,0.41531527,0.5047127,0.39024433
S07SNTL2_Willow_Willow-Leaves-1_dry_ASDFRa_AREF.txt,vegetation,0.069926463,0.11442555,0.086178921,0.35861591,0.41289622,0.44431648,0.4464258,0.23464155
S07SNTL2_Willow_YNP-WI-1_AVIRISb_RTGC.txt,vegetation,0.042663578,0.072555028,0.041930757,0.42409828,0.44269931,0.45453176,0.19729526,0.089033023
S07SNTL2_Willow-Sedge-Mix_YNP-WS-1_AVIRISb_RTGC.txt,vegetation,0.050766289,0.08777339,0.055218812,0.42068541,0.44325227,0.45716783,0.25406313,0.13214007
S07SNTL2_Yerba_Santa_CA01-ERCA-1_bush_ASDFRa_AREF.txt,vegetation,0.03316607,0.057133593,0.051325921,0.35600957,0.37564605,0.3868655,0.1626175,0.065804072
S07SNTL2_Yerba_Santa_CA01-ERCA-2_bush_ASDFRa_AREF.txt,vegetation,0.029829413,0.05466703,0.044081874,0.37963638,0.40157381,0.41393238,0.16785221,0.062092882
